<?xml version="1.0" encoding="utf-8"?>
<COLLADA xmlns="http://www.collada.org/2005/11/COLLADASchema" version="1.4.1" xmlns:xsi="http://www.w3.org/2001/XMLSchema-instance">
  <asset>
    <contributor>
      <author>Blender User</author>
      <authoring_tool>Blender 3.5.0 commit date:2023-03-29, commit time:02:56, hash:1be25cfff18b</authoring_tool>
    </contributor>
    <created>2026-06-19T00:47:12</created>
    <modified>2026-06-19T00:47:12</modified>
    <unit name="meter" meter="1"/>
    <up_axis>Z_UP</up_axis>
  </asset>
  <library_effects>
    <effect id="marrom-effect">
      <profile_COMMON>
        <technique sid="common">
          <lambert>
            <emission>
              <color sid="emission">0 0 0 1</color>
            </emission>
            <diffuse>
              <color sid="diffuse">0.1024706 0.0486126 0.0165355 1</color>
            </diffuse>
            <index_of_refraction>
              <float sid="ior">1.45</float>
            </index_of_refraction>
          </lambert>
        </technique>
      </profile_COMMON>
    </effect>
    <effect id="red-effect">
      <profile_COMMON>
        <technique sid="common">
          <lambert>
            <emission>
              <color sid="emission">0 0 0 1</color>
            </emission>
            <diffuse>
              <color sid="diffuse">0.4620771 0.002731632 6.07067e-4 1</color>
            </diffuse>
            <index_of_refraction>
              <float sid="ior">1.45</float>
            </index_of_refraction>
          </lambert>
        </technique>
      </profile_COMMON>
    </effect>
    <effect id="blue-effect">
      <profile_COMMON>
        <technique sid="common">
          <lambert>
            <emission>
              <color sid="emission">0 0 0 1</color>
            </emission>
            <diffuse>
              <color sid="diffuse">3.03239e-4 0.002731568 0.4564109 1</color>
            </diffuse>
            <index_of_refraction>
              <float sid="ior">1.45</float>
            </index_of_refraction>
          </lambert>
        </technique>
      </profile_COMMON>
    </effect>
    <effect id="kraft-effect">
      <profile_COMMON>
        <newparam sid="kraft_paper_image_jpg-surface">
          <surface type="2D">
            <init_from>kraft_paper_image_jpg</init_from>
          </surface>
        </newparam>
        <newparam sid="kraft_paper_image_jpg-sampler">
          <sampler2D>
            <source>kraft_paper_image_jpg-surface</source>
          </sampler2D>
        </newparam>
        <technique sid="common">
          <lambert>
            <emission>
              <color sid="emission">0 0 0 1</color>
            </emission>
            <diffuse>
              <texture texture="kraft_paper_image_jpg-sampler" texcoord="UVMap"/>
            </diffuse>
            <index_of_refraction>
              <float sid="ior">1.45</float>
            </index_of_refraction>
          </lambert>
        </technique>
      </profile_COMMON>
    </effect>
    <effect id="wallpaper_image-effect">
      <profile_COMMON>
        <newparam sid="wallpaper_image_jpg-surface">
          <surface type="2D">
            <init_from>wallpaper_image_jpg</init_from>
          </surface>
        </newparam>
        <newparam sid="wallpaper_image_jpg-sampler">
          <sampler2D>
            <source>wallpaper_image_jpg-surface</source>
          </sampler2D>
        </newparam>
        <technique sid="common">
          <lambert>
            <emission>
              <color sid="emission">0 0 0 1</color>
            </emission>
            <diffuse>
              <texture texture="wallpaper_image_jpg-sampler" texcoord="UVMap"/>
            </diffuse>
            <index_of_refraction>
              <float sid="ior">1.45</float>
            </index_of_refraction>
          </lambert>
        </technique>
      </profile_COMMON>
    </effect>
    <effect id="Carpete-effect">
      <profile_COMMON>
        <technique sid="common">
          <lambert>
            <emission>
              <color sid="emission">0 0 0 1</color>
            </emission>
            <diffuse>
              <color sid="diffuse">0.5906191 0.01095994 0.01444385 1</color>
            </diffuse>
            <index_of_refraction>
              <float sid="ior">1.45</float>
            </index_of_refraction>
          </lambert>
        </technique>
      </profile_COMMON>
    </effect>
  </library_effects>
  <library_images>
    <image id="kraft_paper_image_jpg" name="kraft_paper_image_jpg">
      <init_from>kraft_paper_image.jpg</init_from>
    </image>
    <image id="wallpaper_image_jpg" name="wallpaper_image_jpg">
      <init_from>wallpaper_image.jpg</init_from>
    </image>
  </library_images>
  <library_materials>
    <material id="marrom-material" name="marrom">
      <instance_effect url="#marrom-effect"/>
    </material>
    <material id="red-material" name="red">
      <instance_effect url="#red-effect"/>
    </material>
    <material id="blue-material" name="blue">
      <instance_effect url="#blue-effect"/>
    </material>
    <material id="kraft-material" name="kraft">
      <instance_effect url="#kraft-effect"/>
    </material>
    <material id="wallpaper_image-material" name="wallpaper_image">
      <instance_effect url="#wallpaper_image-effect"/>
    </material>
    <material id="Carpete-material" name="Carpete">
      <instance_effect url="#Carpete-effect"/>
    </material>
  </library_materials>
  <library_geometries>
    <geometry id="Cube_017-mesh" name="Cube.017">
      <mesh>
        <source id="Cube_017-mesh-positions">
          <float_array id="Cube_017-mesh-positions-array" count="24">-0.2 -0.2 -0.2 -0.2 -0.2 0.2 -0.2 0.2 -0.2 -0.2 0.2 0.2 0.2 -0.2 -0.2 0.2 -0.2 0.2 0.2 0.2 -0.2 0.2 0.2 0.2</float_array>
          <technique_common>
            <accessor source="#Cube_017-mesh-positions-array" count="8" stride="3">
              <param name="X" type="float"/>
              <param name="Y" type="float"/>
              <param name="Z" type="float"/>
            </accessor>
          </technique_common>
        </source>
        <source id="Cube_017-mesh-normals">
          <float_array id="Cube_017-mesh-normals-array" count="18">-1 0 0 0 1 0 1 0 0 0 -1 0 0 0 -1 0 0 1</float_array>
          <technique_common>
            <accessor source="#Cube_017-mesh-normals-array" count="6" stride="3">
              <param name="X" type="float"/>
              <param name="Y" type="float"/>
              <param name="Z" type="float"/>
            </accessor>
          </technique_common>
        </source>
        <source id="Cube_017-mesh-map-0">
          <float_array id="Cube_017-mesh-map-0-array" count="72">0.625 0 0.375 0.25 0.375 0 0.625 0.25 0.375 0.5 0.375 0.25 0.625 0.5 0.375 0.75 0.375 0.5 0.625 0.75 0.375 1 0.375 0.75 0.375 0.5 0.125 0.75 0.125 0.5 0.875 0.5 0.625 0.75 0.625 0.5 0.625 0 0.625 0.25 0.375 0.25 0.625 0.25 0.625 0.5 0.375 0.5 0.625 0.5 0.625 0.75 0.375 0.75 0.625 0.75 0.625 1 0.375 1 0.375 0.5 0.375 0.75 0.125 0.75 0.875 0.5 0.875 0.75 0.625 0.75</float_array>
          <technique_common>
            <accessor source="#Cube_017-mesh-map-0-array" count="36" stride="2">
              <param name="S" type="float"/>
              <param name="T" type="float"/>
            </accessor>
          </technique_common>
        </source>
        <vertices id="Cube_017-mesh-vertices">
          <input semantic="POSITION" source="#Cube_017-mesh-positions"/>
        </vertices>
        <triangles material="marrom-material" count="12">
          <input semantic="VERTEX" source="#Cube_017-mesh-vertices" offset="0"/>
          <input semantic="NORMAL" source="#Cube_017-mesh-normals" offset="1"/>
          <input semantic="TEXCOORD" source="#Cube_017-mesh-map-0" offset="2" set="1"/>
          <p>1 0 0 2 0 1 0 0 2 3 1 3 6 1 4 2 1 5 7 2 6 4 2 7 6 2 8 5 3 9 0 3 10 4 3 11 6 4 12 0 4 13 2 4 14 3 5 15 5 5 16 7 5 17 1 0 18 3 0 19 2 0 20 3 1 21 7 1 22 6 1 23 7 2 24 5 2 25 4 2 26 5 3 27 1 3 28 0 3 29 6 4 30 4 4 31 0 4 32 3 5 33 1 5 34 5 5 35</p>
        </triangles>
      </mesh>
    </geometry>
    <geometry id="Cube_016-mesh" name="Cube.016">
      <mesh>
        <source id="Cube_016-mesh-positions">
          <float_array id="Cube_016-mesh-positions-array" count="24">-0.2 -0.2 -0.2 -0.2 -0.2 0.2 -0.2 0.2 -0.2 -0.2 0.2 0.2 0.2 -0.2 -0.2 0.2 -0.2 0.2 0.2 0.2 -0.2 0.2 0.2 0.2</float_array>
          <technique_common>
            <accessor source="#Cube_016-mesh-positions-array" count="8" stride="3">
              <param name="X" type="float"/>
              <param name="Y" type="float"/>
              <param name="Z" type="float"/>
            </accessor>
          </technique_common>
        </source>
        <source id="Cube_016-mesh-normals">
          <float_array id="Cube_016-mesh-normals-array" count="18">-1 0 0 0 1 0 1 0 0 0 -1 0 0 0 -1 0 0 1</float_array>
          <technique_common>
            <accessor source="#Cube_016-mesh-normals-array" count="6" stride="3">
              <param name="X" type="float"/>
              <param name="Y" type="float"/>
              <param name="Z" type="float"/>
            </accessor>
          </technique_common>
        </source>
        <source id="Cube_016-mesh-map-0">
          <float_array id="Cube_016-mesh-map-0-array" count="72">0.625 0 0.375 0.25 0.375 0 0.625 0.25 0.375 0.5 0.375 0.25 0.625 0.5 0.375 0.75 0.375 0.5 0.625 0.75 0.375 1 0.375 0.75 0.375 0.5 0.125 0.75 0.125 0.5 0.875 0.5 0.625 0.75 0.625 0.5 0.625 0 0.625 0.25 0.375 0.25 0.625 0.25 0.625 0.5 0.375 0.5 0.625 0.5 0.625 0.75 0.375 0.75 0.625 0.75 0.625 1 0.375 1 0.375 0.5 0.375 0.75 0.125 0.75 0.875 0.5 0.875 0.75 0.625 0.75</float_array>
          <technique_common>
            <accessor source="#Cube_016-mesh-map-0-array" count="36" stride="2">
              <param name="S" type="float"/>
              <param name="T" type="float"/>
            </accessor>
          </technique_common>
        </source>
        <vertices id="Cube_016-mesh-vertices">
          <input semantic="POSITION" source="#Cube_016-mesh-positions"/>
        </vertices>
        <triangles material="marrom-material" count="12">
          <input semantic="VERTEX" source="#Cube_016-mesh-vertices" offset="0"/>
          <input semantic="NORMAL" source="#Cube_016-mesh-normals" offset="1"/>
          <input semantic="TEXCOORD" source="#Cube_016-mesh-map-0" offset="2" set="1"/>
          <p>1 0 0 2 0 1 0 0 2 3 1 3 6 1 4 2 1 5 7 2 6 4 2 7 6 2 8 5 3 9 0 3 10 4 3 11 6 4 12 0 4 13 2 4 14 3 5 15 5 5 16 7 5 17 1 0 18 3 0 19 2 0 20 3 1 21 7 1 22 6 1 23 7 2 24 5 2 25 4 2 26 5 3 27 1 3 28 0 3 29 6 4 30 4 4 31 0 4 32 3 5 33 1 5 34 5 5 35</p>
        </triangles>
      </mesh>
    </geometry>
    <geometry id="Cube_015-mesh" name="Cube.015">
      <mesh>
        <source id="Cube_015-mesh-positions">
          <float_array id="Cube_015-mesh-positions-array" count="24">-0.2 -0.2 -0.2 -0.2 -0.2 0.2 -0.2 0.2 -0.2 -0.2 0.2 0.2 0.2 -0.2 -0.2 0.2 -0.2 0.2 0.2 0.2 -0.2 0.2 0.2 0.2</float_array>
          <technique_common>
            <accessor source="#Cube_015-mesh-positions-array" count="8" stride="3">
              <param name="X" type="float"/>
              <param name="Y" type="float"/>
              <param name="Z" type="float"/>
            </accessor>
          </technique_common>
        </source>
        <source id="Cube_015-mesh-normals">
          <float_array id="Cube_015-mesh-normals-array" count="18">-1 0 0 0 1 0 1 0 0 0 -1 0 0 0 -1 0 0 1</float_array>
          <technique_common>
            <accessor source="#Cube_015-mesh-normals-array" count="6" stride="3">
              <param name="X" type="float"/>
              <param name="Y" type="float"/>
              <param name="Z" type="float"/>
            </accessor>
          </technique_common>
        </source>
        <source id="Cube_015-mesh-map-0">
          <float_array id="Cube_015-mesh-map-0-array" count="72">0.625 0 0.375 0.25 0.375 0 0.625 0.25 0.375 0.5 0.375 0.25 0.625 0.5 0.375 0.75 0.375 0.5 0.625 0.75 0.375 1 0.375 0.75 0.375 0.5 0.125 0.75 0.125 0.5 0.875 0.5 0.625 0.75 0.625 0.5 0.625 0 0.625 0.25 0.375 0.25 0.625 0.25 0.625 0.5 0.375 0.5 0.625 0.5 0.625 0.75 0.375 0.75 0.625 0.75 0.625 1 0.375 1 0.375 0.5 0.375 0.75 0.125 0.75 0.875 0.5 0.875 0.75 0.625 0.75</float_array>
          <technique_common>
            <accessor source="#Cube_015-mesh-map-0-array" count="36" stride="2">
              <param name="S" type="float"/>
              <param name="T" type="float"/>
            </accessor>
          </technique_common>
        </source>
        <vertices id="Cube_015-mesh-vertices">
          <input semantic="POSITION" source="#Cube_015-mesh-positions"/>
        </vertices>
        <triangles material="marrom-material" count="12">
          <input semantic="VERTEX" source="#Cube_015-mesh-vertices" offset="0"/>
          <input semantic="NORMAL" source="#Cube_015-mesh-normals" offset="1"/>
          <input semantic="TEXCOORD" source="#Cube_015-mesh-map-0" offset="2" set="1"/>
          <p>1 0 0 2 0 1 0 0 2 3 1 3 6 1 4 2 1 5 7 2 6 4 2 7 6 2 8 5 3 9 0 3 10 4 3 11 6 4 12 0 4 13 2 4 14 3 5 15 5 5 16 7 5 17 1 0 18 3 0 19 2 0 20 3 1 21 7 1 22 6 1 23 7 2 24 5 2 25 4 2 26 5 3 27 1 3 28 0 3 29 6 4 30 4 4 31 0 4 32 3 5 33 1 5 34 5 5 35</p>
        </triangles>
      </mesh>
    </geometry>
    <geometry id="Cube_014-mesh" name="Cube.014">
      <mesh>
        <source id="Cube_014-mesh-positions">
          <float_array id="Cube_014-mesh-positions-array" count="120">-0.01249998 -0.01249998 -1.00625 -0.01249998 -0.01249998 1.00625 -0.01249998 0.01249998 -1.00625 -0.01249998 0.01249998 1.00625 0.01249998 -0.01249998 -1.00625 0.01249998 -0.01249998 1.00625 0.01249998 0.01249998 -1.00625 0.01249998 0.01249998 1.00625 0.4875 -0.7625 -1.00625 0.4875 -0.7625 1.00625 0.4875 -0.7375 -1.00625 0.4875 -0.7375 1.00625 0.5125 -0.7625 -1.00625 0.5125 -0.7625 1.00625 0.5125 -0.7375 -1.00625 0.5125 -0.7375 1.00625 -0.5125 -0.7625 -1.00625 -0.5125 -0.7625 1.00625 -0.5125 -0.7375 -1.00625 -0.5125 -0.7375 1.00625 -0.4875 -0.7625 -1.00625 -0.4875 -0.7625 1.00625 -0.4875 -0.7375 -1.00625 -0.4875 -0.7375 1.00625 -0.5 -0.7625 -0.5265002 0.5 -0.7625 -0.5265002 -0.5 -0.7375 -0.5265002 0.5 -0.7375 -0.5265002 -0.5 -0.7625 -0.5515002 0.5 -0.7625 -0.5515002 -0.5 -0.7375 -0.5515002 0.5 -0.7375 -0.5515002 0.4911612 -0.7625 -0.08683896 -0.5147866 -0.7625 0.9191089 0.4911612 -0.7375 -0.08683896 -0.5147866 -0.7375 0.9191089 0.5088388 -0.7625 -0.06916129 -0.497109 -0.7625 0.9367865 0.5088388 -0.7375 -0.06916129 -0.497109 -0.7375 0.9367865</float_array>
          <technique_common>
            <accessor source="#Cube_014-mesh-positions-array" count="40" stride="3">
              <param name="X" type="float"/>
              <param name="Y" type="float"/>
              <param name="Z" type="float"/>
            </accessor>
          </technique_common>
        </source>
        <source id="Cube_014-mesh-normals">
          <float_array id="Cube_014-mesh-normals-array" count="48">-1 0 0 0 1 0 1 0 0 0 -1 0 0 0 -1 0 0 1 -0.7071074 0 -0.7071062 0 1 -7.48921e-6 0.7071074 0 0.7071062 0 -1 2.56623e-6 0.7071072 0 -0.7071064 -0.7071053 0 0.7071083 -0.7071074 0 -0.7071062 0 1 3.35182e-6 0.7071074 0 0.7071063 0.707107 0 -0.7071066</float_array>
          <technique_common>
            <accessor source="#Cube_014-mesh-normals-array" count="16" stride="3">
              <param name="X" type="float"/>
              <param name="Y" type="float"/>
              <param name="Z" type="float"/>
            </accessor>
          </technique_common>
        </source>
        <source id="Cube_014-mesh-map-0">
          <float_array id="Cube_014-mesh-map-0-array" count="360">0.625 0 0.375 0.25 0.375 0 0.625 0.25 0.375 0.5 0.375 0.25 0.625 0.5 0.375 0.75 0.375 0.5 0.625 0.75 0.375 1 0.375 0.75 0.375 0.5 0.125 0.75 0.125 0.5 0.875 0.5 0.625 0.75 0.625 0.5 0.625 0 0.375 0.25 0.375 0 0.625 0.25 0.375 0.5 0.375 0.25 0.625 0.5 0.375 0.75 0.375 0.5 0.625 0.75 0.375 1 0.375 0.75 0.375 0.5 0.125 0.75 0.125 0.5 0.875 0.5 0.625 0.75 0.625 0.5 0.625 0 0.375 0.25 0.375 0 0.625 0.25 0.375 0.5 0.375 0.25 0.625 0.5 0.375 0.75 0.375 0.5 0.625 0.75 0.375 1 0.375 0.75 0.375 0.5 0.125 0.75 0.125 0.5 0.875 0.5 0.625 0.75 0.625 0.5 0.625 0 0.375 0.25 0.375 0 0.625 0.25 0.375 0.5 0.375 0.25 0.625 0.5 0.375 0.75 0.375 0.5 0.625 0.75 0.375 1 0.375 0.75 0.375 0.5 0.125 0.75 0.125 0.5 0.875 0.5 0.625 0.75 0.625 0.5 0.625 0 0.375 0.25 0.375 0 0.625 0.25 0.375 0.5 0.375 0.25 0.625 0.5 0.375 0.75 0.375 0.5 0.625 0.75 0.375 1 0.375 0.75 0.375 0.5 0.125 0.75 0.125 0.5 0.875 0.5 0.625 0.75 0.625 0.5 0.625 0 0.625 0.25 0.375 0.25 0.625 0.25 0.625 0.5 0.375 0.5 0.625 0.5 0.625 0.75 0.375 0.75 0.625 0.75 0.625 1 0.375 1 0.375 0.5 0.375 0.75 0.125 0.75 0.875 0.5 0.875 0.75 0.625 0.75 0.625 0 0.625 0.25 0.375 0.25 0.625 0.25 0.625 0.5 0.375 0.5 0.625 0.5 0.625 0.75 0.375 0.75 0.625 0.75 0.625 1 0.375 1 0.375 0.5 0.375 0.75 0.125 0.75 0.875 0.5 0.875 0.75 0.625 0.75 0.625 0 0.625 0.25 0.375 0.25 0.625 0.25 0.625 0.5 0.375 0.5 0.625 0.5 0.625 0.75 0.375 0.75 0.625 0.75 0.625 1 0.375 1 0.375 0.5 0.375 0.75 0.125 0.75 0.875 0.5 0.875 0.75 0.625 0.75 0.625 0 0.625 0.25 0.375 0.25 0.625 0.25 0.625 0.5 0.375 0.5 0.625 0.5 0.625 0.75 0.375 0.75 0.625 0.75 0.625 1 0.375 1 0.375 0.5 0.375 0.75 0.125 0.75 0.875 0.5 0.875 0.75 0.625 0.75 0.625 0 0.625 0.25 0.375 0.25 0.625 0.25 0.625 0.5 0.375 0.5 0.625 0.5 0.625 0.75 0.375 0.75 0.625 0.75 0.625 1 0.375 1 0.375 0.5 0.375 0.75 0.125 0.75 0.875 0.5 0.875 0.75 0.625 0.75</float_array>
          <technique_common>
            <accessor source="#Cube_014-mesh-map-0-array" count="180" stride="2">
              <param name="S" type="float"/>
              <param name="T" type="float"/>
            </accessor>
          </technique_common>
        </source>
        <vertices id="Cube_014-mesh-vertices">
          <input semantic="POSITION" source="#Cube_014-mesh-positions"/>
        </vertices>
        <triangles material="red-material" count="60">
          <input semantic="VERTEX" source="#Cube_014-mesh-vertices" offset="0"/>
          <input semantic="NORMAL" source="#Cube_014-mesh-normals" offset="1"/>
          <input semantic="TEXCOORD" source="#Cube_014-mesh-map-0" offset="2" set="1"/>
          <p>1 0 0 2 0 1 0 0 2 3 1 3 6 1 4 2 1 5 7 2 6 4 2 7 6 2 8 5 3 9 0 3 10 4 3 11 6 4 12 0 4 13 2 4 14 3 5 15 5 5 16 7 5 17 9 0 18 10 0 19 8 0 20 11 1 21 14 1 22 10 1 23 15 2 24 12 2 25 14 2 26 13 3 27 8 3 28 12 3 29 14 4 30 8 4 31 10 4 32 11 5 33 13 5 34 15 5 35 17 0 36 18 0 37 16 0 38 19 1 39 22 1 40 18 1 41 23 2 42 20 2 43 22 2 44 21 3 45 16 3 46 20 3 47 22 4 48 16 4 49 18 4 50 19 5 51 21 5 52 23 5 53 25 5 54 26 5 55 24 5 56 27 1 57 30 1 58 26 1 59 31 4 60 28 4 61 30 4 62 29 3 63 24 3 64 28 3 65 30 0 66 24 0 67 26 0 68 27 2 69 29 2 70 31 2 71 33 6 72 34 6 73 32 6 74 35 7 75 38 7 76 34 7 77 39 8 78 36 8 79 38 8 80 37 9 81 32 9 82 36 9 83 38 10 84 32 10 85 34 10 86 35 11 87 37 11 88 39 11 89 1 0 90 3 0 91 2 0 92 3 1 93 7 1 94 6 1 95 7 2 96 5 2 97 4 2 98 5 3 99 1 3 100 0 3 101 6 4 102 4 4 103 0 4 104 3 5 105 1 5 106 5 5 107 9 0 108 11 0 109 10 0 110 11 1 111 15 1 112 14 1 113 15 2 114 13 2 115 12 2 116 13 3 117 9 3 118 8 3 119 14 4 120 12 4 121 8 4 122 11 5 123 9 5 124 13 5 125 17 0 126 19 0 127 18 0 128 19 1 129 23 1 130 22 1 131 23 2 132 21 2 133 20 2 134 21 3 135 17 3 136 16 3 137 22 4 138 20 4 139 16 4 140 19 5 141 17 5 142 21 5 143 25 5 144 27 5 145 26 5 146 27 1 147 31 1 148 30 1 149 31 4 150 29 4 151 28 4 152 29 3 153 25 3 154 24 3 155 30 0 156 28 0 157 24 0 158 27 2 159 25 2 160 29 2 161 33 12 162 35 12 163 34 12 164 35 13 165 39 13 166 38 13 167 39 14 168 37 14 169 36 14 170 37 3 171 33 3 172 32 3 173 38 15 174 36 15 175 32 15 176 35 11 177 33 11 178 37 11 179</p>
        </triangles>
      </mesh>
    </geometry>
    <geometry id="Cube_009-mesh" name="Cube.009">
      <mesh>
        <source id="Cube_009-mesh-positions">
          <float_array id="Cube_009-mesh-positions-array" count="24">-0.01249998 -0.01249998 -0.80625 -0.01249998 -0.01249998 0.80625 -0.01249998 0.01249998 -0.80625 -0.01249998 0.01249998 0.80625 0.01249998 -0.01249998 -0.80625 0.01249998 -0.01249998 0.80625 0.01249998 0.01249998 -0.80625 0.01249998 0.01249998 0.80625</float_array>
          <technique_common>
            <accessor source="#Cube_009-mesh-positions-array" count="8" stride="3">
              <param name="X" type="float"/>
              <param name="Y" type="float"/>
              <param name="Z" type="float"/>
            </accessor>
          </technique_common>
        </source>
        <source id="Cube_009-mesh-normals">
          <float_array id="Cube_009-mesh-normals-array" count="18">-1 0 0 0 1 0 1 0 0 0 -1 0 0 0 -1 0 0 1</float_array>
          <technique_common>
            <accessor source="#Cube_009-mesh-normals-array" count="6" stride="3">
              <param name="X" type="float"/>
              <param name="Y" type="float"/>
              <param name="Z" type="float"/>
            </accessor>
          </technique_common>
        </source>
        <source id="Cube_009-mesh-map-0">
          <float_array id="Cube_009-mesh-map-0-array" count="72">0.625 0 0.375 0.25 0.375 0 0.625 0.25 0.375 0.5 0.375 0.25 0.625 0.5 0.375 0.75 0.375 0.5 0.625 0.75 0.375 1 0.375 0.75 0.375 0.5 0.125 0.75 0.125 0.5 0.875 0.5 0.625 0.75 0.625 0.5 0.625 0 0.625 0.25 0.375 0.25 0.625 0.25 0.625 0.5 0.375 0.5 0.625 0.5 0.625 0.75 0.375 0.75 0.625 0.75 0.625 1 0.375 1 0.375 0.5 0.375 0.75 0.125 0.75 0.875 0.5 0.875 0.75 0.625 0.75</float_array>
          <technique_common>
            <accessor source="#Cube_009-mesh-map-0-array" count="36" stride="2">
              <param name="S" type="float"/>
              <param name="T" type="float"/>
            </accessor>
          </technique_common>
        </source>
        <vertices id="Cube_009-mesh-vertices">
          <input semantic="POSITION" source="#Cube_009-mesh-positions"/>
        </vertices>
        <triangles material="blue-material" count="12">
          <input semantic="VERTEX" source="#Cube_009-mesh-vertices" offset="0"/>
          <input semantic="NORMAL" source="#Cube_009-mesh-normals" offset="1"/>
          <input semantic="TEXCOORD" source="#Cube_009-mesh-map-0" offset="2" set="1"/>
          <p>1 0 0 2 0 1 0 0 2 3 1 3 6 1 4 2 1 5 7 2 6 4 2 7 6 2 8 5 3 9 0 3 10 4 3 11 6 4 12 0 4 13 2 4 14 3 5 15 5 5 16 7 5 17 1 0 18 3 0 19 2 0 20 3 1 21 7 1 22 6 1 23 7 2 24 5 2 25 4 2 26 5 3 27 1 3 28 0 3 29 6 4 30 4 4 31 0 4 32 3 5 33 1 5 34 5 5 35</p>
        </triangles>
      </mesh>
    </geometry>
    <geometry id="Cube_008-mesh" name="Cube.008">
      <mesh>
        <source id="Cube_008-mesh-positions">
          <float_array id="Cube_008-mesh-positions-array" count="48">0.7375006 -0.01249998 -1.00625 0.7375006 -0.01249998 1.00625 0.7375006 0.01249998 -1.00625 0.7375006 0.01249998 1.00625 0.7625006 -0.01249998 -1.00625 0.7625006 -0.01249998 1.00625 0.7625006 0.01249998 -1.00625 0.7625006 0.01249998 1.00625 -0.7624995 -0.01249998 -1.00625 -0.7624995 -0.01249998 1.00625 -0.7624995 0.01249998 -1.00625 -0.7624995 0.01249998 1.00625 -0.7374994 -0.01249998 -1.00625 -0.7374994 -0.01249998 1.00625 -0.7374994 0.01249998 -1.00625 -0.7374994 0.01249998 1.00625</float_array>
          <technique_common>
            <accessor source="#Cube_008-mesh-positions-array" count="16" stride="3">
              <param name="X" type="float"/>
              <param name="Y" type="float"/>
              <param name="Z" type="float"/>
            </accessor>
          </technique_common>
        </source>
        <source id="Cube_008-mesh-normals">
          <float_array id="Cube_008-mesh-normals-array" count="18">-1 0 0 0 1 0 1 0 0 0 -1 0 0 0 -1 0 0 1</float_array>
          <technique_common>
            <accessor source="#Cube_008-mesh-normals-array" count="6" stride="3">
              <param name="X" type="float"/>
              <param name="Y" type="float"/>
              <param name="Z" type="float"/>
            </accessor>
          </technique_common>
        </source>
        <source id="Cube_008-mesh-map-0">
          <float_array id="Cube_008-mesh-map-0-array" count="144">0.625 0 0.375 0.25 0.375 0 0.625 0.25 0.375 0.5 0.375 0.25 0.625 0.5 0.375 0.75 0.375 0.5 0.625 0.75 0.375 1 0.375 0.75 0.375 0.5 0.125 0.75 0.125 0.5 0.875 0.5 0.625 0.75 0.625 0.5 0.625 0 0.375 0.25 0.375 0 0.625 0.25 0.375 0.5 0.375 0.25 0.625 0.5 0.375 0.75 0.375 0.5 0.625 0.75 0.375 1 0.375 0.75 0.375 0.5 0.125 0.75 0.125 0.5 0.875 0.5 0.625 0.75 0.625 0.5 0.625 0 0.625 0.25 0.375 0.25 0.625 0.25 0.625 0.5 0.375 0.5 0.625 0.5 0.625 0.75 0.375 0.75 0.625 0.75 0.625 1 0.375 1 0.375 0.5 0.375 0.75 0.125 0.75 0.875 0.5 0.875 0.75 0.625 0.75 0.625 0 0.625 0.25 0.375 0.25 0.625 0.25 0.625 0.5 0.375 0.5 0.625 0.5 0.625 0.75 0.375 0.75 0.625 0.75 0.625 1 0.375 1 0.375 0.5 0.375 0.75 0.125 0.75 0.875 0.5 0.875 0.75 0.625 0.75</float_array>
          <technique_common>
            <accessor source="#Cube_008-mesh-map-0-array" count="72" stride="2">
              <param name="S" type="float"/>
              <param name="T" type="float"/>
            </accessor>
          </technique_common>
        </source>
        <vertices id="Cube_008-mesh-vertices">
          <input semantic="POSITION" source="#Cube_008-mesh-positions"/>
        </vertices>
        <triangles material="marrom-material" count="24">
          <input semantic="VERTEX" source="#Cube_008-mesh-vertices" offset="0"/>
          <input semantic="NORMAL" source="#Cube_008-mesh-normals" offset="1"/>
          <input semantic="TEXCOORD" source="#Cube_008-mesh-map-0" offset="2" set="1"/>
          <p>1 0 0 2 0 1 0 0 2 3 1 3 6 1 4 2 1 5 7 2 6 4 2 7 6 2 8 5 3 9 0 3 10 4 3 11 6 4 12 0 4 13 2 4 14 3 5 15 5 5 16 7 5 17 9 0 18 10 0 19 8 0 20 11 1 21 14 1 22 10 1 23 15 2 24 12 2 25 14 2 26 13 3 27 8 3 28 12 3 29 14 4 30 8 4 31 10 4 32 11 5 33 13 5 34 15 5 35 1 0 36 3 0 37 2 0 38 3 1 39 7 1 40 6 1 41 7 2 42 5 2 43 4 2 44 5 3 45 1 3 46 0 3 47 6 4 48 4 4 49 0 4 50 3 5 51 1 5 52 5 5 53 9 0 54 11 0 55 10 0 56 11 1 57 15 1 58 14 1 59 15 2 60 13 2 61 12 2 62 13 3 63 9 3 64 8 3 65 14 4 66 12 4 67 8 4 68 11 5 69 9 5 70 13 5 71</p>
        </triangles>
      </mesh>
    </geometry>
    <geometry id="Cube_007-mesh" name="Cube.007">
      <mesh>
        <source id="Cube_007-mesh-positions">
          <float_array id="Cube_007-mesh-positions-array" count="24">-0.01249998 -0.01249998 -0.80625 -0.01249998 -0.01249998 0.80625 -0.01249998 0.01249998 -0.80625 -0.01249998 0.01249998 0.80625 0.01249998 -0.01249998 -0.80625 0.01249998 -0.01249998 0.80625 0.01249998 0.01249998 -0.80625 0.01249998 0.01249998 0.80625</float_array>
          <technique_common>
            <accessor source="#Cube_007-mesh-positions-array" count="8" stride="3">
              <param name="X" type="float"/>
              <param name="Y" type="float"/>
              <param name="Z" type="float"/>
            </accessor>
          </technique_common>
        </source>
        <source id="Cube_007-mesh-normals">
          <float_array id="Cube_007-mesh-normals-array" count="18">-1 0 0 0 1 0 1 0 0 0 -1 0 0 0 -1 0 0 1</float_array>
          <technique_common>
            <accessor source="#Cube_007-mesh-normals-array" count="6" stride="3">
              <param name="X" type="float"/>
              <param name="Y" type="float"/>
              <param name="Z" type="float"/>
            </accessor>
          </technique_common>
        </source>
        <source id="Cube_007-mesh-map-0">
          <float_array id="Cube_007-mesh-map-0-array" count="72">0.625 0 0.375 0.25 0.375 0 0.625 0.25 0.375 0.5 0.375 0.25 0.625 0.5 0.375 0.75 0.375 0.5 0.625 0.75 0.375 1 0.375 0.75 0.375 0.5 0.125 0.75 0.125 0.5 0.875 0.5 0.625 0.75 0.625 0.5 0.625 0 0.625 0.25 0.375 0.25 0.625 0.25 0.625 0.5 0.375 0.5 0.625 0.5 0.625 0.75 0.375 0.75 0.625 0.75 0.625 1 0.375 1 0.375 0.5 0.375 0.75 0.125 0.75 0.875 0.5 0.875 0.75 0.625 0.75</float_array>
          <technique_common>
            <accessor source="#Cube_007-mesh-map-0-array" count="36" stride="2">
              <param name="S" type="float"/>
              <param name="T" type="float"/>
            </accessor>
          </technique_common>
        </source>
        <vertices id="Cube_007-mesh-vertices">
          <input semantic="POSITION" source="#Cube_007-mesh-positions"/>
        </vertices>
        <triangles material="blue-material" count="12">
          <input semantic="VERTEX" source="#Cube_007-mesh-vertices" offset="0"/>
          <input semantic="NORMAL" source="#Cube_007-mesh-normals" offset="1"/>
          <input semantic="TEXCOORD" source="#Cube_007-mesh-map-0" offset="2" set="1"/>
          <p>1 0 0 2 0 1 0 0 2 3 1 3 6 1 4 2 1 5 7 2 6 4 2 7 6 2 8 5 3 9 0 3 10 4 3 11 6 4 12 0 4 13 2 4 14 3 5 15 5 5 16 7 5 17 1 0 18 3 0 19 2 0 20 3 1 21 7 1 22 6 1 23 7 2 24 5 2 25 4 2 26 5 3 27 1 3 28 0 3 29 6 4 30 4 4 31 0 4 32 3 5 33 1 5 34 5 5 35</p>
        </triangles>
      </mesh>
    </geometry>
    <geometry id="Cube_006-mesh" name="Cube.006">
      <mesh>
        <source id="Cube_006-mesh-positions">
          <float_array id="Cube_006-mesh-positions-array" count="48">0.7375006 -0.01249998 -1.00625 0.7375006 -0.01249998 1.00625 0.7375006 0.01249998 -1.00625 0.7375006 0.01249998 1.00625 0.7625006 -0.01249998 -1.00625 0.7625006 -0.01249998 1.00625 0.7625006 0.01249998 -1.00625 0.7625006 0.01249998 1.00625 -0.7624995 -0.01249998 -1.00625 -0.7624995 -0.01249998 1.00625 -0.7624995 0.01249998 -1.00625 -0.7624995 0.01249998 1.00625 -0.7374994 -0.01249998 -1.00625 -0.7374994 -0.01249998 1.00625 -0.7374994 0.01249998 -1.00625 -0.7374994 0.01249998 1.00625</float_array>
          <technique_common>
            <accessor source="#Cube_006-mesh-positions-array" count="16" stride="3">
              <param name="X" type="float"/>
              <param name="Y" type="float"/>
              <param name="Z" type="float"/>
            </accessor>
          </technique_common>
        </source>
        <source id="Cube_006-mesh-normals">
          <float_array id="Cube_006-mesh-normals-array" count="18">-1 0 0 0 1 0 1 0 0 0 -1 0 0 0 -1 0 0 1</float_array>
          <technique_common>
            <accessor source="#Cube_006-mesh-normals-array" count="6" stride="3">
              <param name="X" type="float"/>
              <param name="Y" type="float"/>
              <param name="Z" type="float"/>
            </accessor>
          </technique_common>
        </source>
        <source id="Cube_006-mesh-map-0">
          <float_array id="Cube_006-mesh-map-0-array" count="144">0.625 0 0.375 0.25 0.375 0 0.625 0.25 0.375 0.5 0.375 0.25 0.625 0.5 0.375 0.75 0.375 0.5 0.625 0.75 0.375 1 0.375 0.75 0.375 0.5 0.125 0.75 0.125 0.5 0.875 0.5 0.625 0.75 0.625 0.5 0.625 0 0.375 0.25 0.375 0 0.625 0.25 0.375 0.5 0.375 0.25 0.625 0.5 0.375 0.75 0.375 0.5 0.625 0.75 0.375 1 0.375 0.75 0.375 0.5 0.125 0.75 0.125 0.5 0.875 0.5 0.625 0.75 0.625 0.5 0.625 0 0.625 0.25 0.375 0.25 0.625 0.25 0.625 0.5 0.375 0.5 0.625 0.5 0.625 0.75 0.375 0.75 0.625 0.75 0.625 1 0.375 1 0.375 0.5 0.375 0.75 0.125 0.75 0.875 0.5 0.875 0.75 0.625 0.75 0.625 0 0.625 0.25 0.375 0.25 0.625 0.25 0.625 0.5 0.375 0.5 0.625 0.5 0.625 0.75 0.375 0.75 0.625 0.75 0.625 1 0.375 1 0.375 0.5 0.375 0.75 0.125 0.75 0.875 0.5 0.875 0.75 0.625 0.75</float_array>
          <technique_common>
            <accessor source="#Cube_006-mesh-map-0-array" count="72" stride="2">
              <param name="S" type="float"/>
              <param name="T" type="float"/>
            </accessor>
          </technique_common>
        </source>
        <vertices id="Cube_006-mesh-vertices">
          <input semantic="POSITION" source="#Cube_006-mesh-positions"/>
        </vertices>
        <triangles material="marrom-material" count="24">
          <input semantic="VERTEX" source="#Cube_006-mesh-vertices" offset="0"/>
          <input semantic="NORMAL" source="#Cube_006-mesh-normals" offset="1"/>
          <input semantic="TEXCOORD" source="#Cube_006-mesh-map-0" offset="2" set="1"/>
          <p>1 0 0 2 0 1 0 0 2 3 1 3 6 1 4 2 1 5 7 2 6 4 2 7 6 2 8 5 3 9 0 3 10 4 3 11 6 4 12 0 4 13 2 4 14 3 5 15 5 5 16 7 5 17 9 0 18 10 0 19 8 0 20 11 1 21 14 1 22 10 1 23 15 2 24 12 2 25 14 2 26 13 3 27 8 3 28 12 3 29 14 4 30 8 4 31 10 4 32 11 5 33 13 5 34 15 5 35 1 0 36 3 0 37 2 0 38 3 1 39 7 1 40 6 1 41 7 2 42 5 2 43 4 2 44 5 3 45 1 3 46 0 3 47 6 4 48 4 4 49 0 4 50 3 5 51 1 5 52 5 5 53 9 0 54 11 0 55 10 0 56 11 1 57 15 1 58 14 1 59 15 2 60 13 2 61 12 2 62 13 3 63 9 3 64 8 3 65 14 4 66 12 4 67 8 4 68 11 5 69 9 5 70 13 5 71</p>
        </triangles>
      </mesh>
    </geometry>
    <geometry id="Cube_005-mesh" name="Cube.005">
      <mesh>
        <source id="Cube_005-mesh-positions">
          <float_array id="Cube_005-mesh-positions-array" count="24">-0.01249998 -0.01249998 -0.80625 -0.01249998 -0.01249998 0.80625 -0.01249998 0.01249998 -0.80625 -0.01249998 0.01249998 0.80625 0.01249998 -0.01249998 -0.80625 0.01249998 -0.01249998 0.80625 0.01249998 0.01249998 -0.80625 0.01249998 0.01249998 0.80625</float_array>
          <technique_common>
            <accessor source="#Cube_005-mesh-positions-array" count="8" stride="3">
              <param name="X" type="float"/>
              <param name="Y" type="float"/>
              <param name="Z" type="float"/>
            </accessor>
          </technique_common>
        </source>
        <source id="Cube_005-mesh-normals">
          <float_array id="Cube_005-mesh-normals-array" count="18">-1 0 0 0 1 0 1 0 0 0 -1 0 0 0 -1 0 0 1</float_array>
          <technique_common>
            <accessor source="#Cube_005-mesh-normals-array" count="6" stride="3">
              <param name="X" type="float"/>
              <param name="Y" type="float"/>
              <param name="Z" type="float"/>
            </accessor>
          </technique_common>
        </source>
        <source id="Cube_005-mesh-map-0">
          <float_array id="Cube_005-mesh-map-0-array" count="72">0.625 0 0.375 0.25 0.375 0 0.625 0.25 0.375 0.5 0.375 0.25 0.625 0.5 0.375 0.75 0.375 0.5 0.625 0.75 0.375 1 0.375 0.75 0.375 0.5 0.125 0.75 0.125 0.5 0.875 0.5 0.625 0.75 0.625 0.5 0.625 0 0.625 0.25 0.375 0.25 0.625 0.25 0.625 0.5 0.375 0.5 0.625 0.5 0.625 0.75 0.375 0.75 0.625 0.75 0.625 1 0.375 1 0.375 0.5 0.375 0.75 0.125 0.75 0.875 0.5 0.875 0.75 0.625 0.75</float_array>
          <technique_common>
            <accessor source="#Cube_005-mesh-map-0-array" count="36" stride="2">
              <param name="S" type="float"/>
              <param name="T" type="float"/>
            </accessor>
          </technique_common>
        </source>
        <vertices id="Cube_005-mesh-vertices">
          <input semantic="POSITION" source="#Cube_005-mesh-positions"/>
        </vertices>
        <triangles material="red-material" count="12">
          <input semantic="VERTEX" source="#Cube_005-mesh-vertices" offset="0"/>
          <input semantic="NORMAL" source="#Cube_005-mesh-normals" offset="1"/>
          <input semantic="TEXCOORD" source="#Cube_005-mesh-map-0" offset="2" set="1"/>
          <p>1 0 0 2 0 1 0 0 2 3 1 3 6 1 4 2 1 5 7 2 6 4 2 7 6 2 8 5 3 9 0 3 10 4 3 11 6 4 12 0 4 13 2 4 14 3 5 15 5 5 16 7 5 17 1 0 18 3 0 19 2 0 20 3 1 21 7 1 22 6 1 23 7 2 24 5 2 25 4 2 26 5 3 27 1 3 28 0 3 29 6 4 30 4 4 31 0 4 32 3 5 33 1 5 34 5 5 35</p>
        </triangles>
      </mesh>
    </geometry>
    <geometry id="Plane_007-mesh" name="Plane.007">
      <mesh>
        <source id="Plane_007-mesh-positions">
          <float_array id="Plane_007-mesh-positions-array" count="468">-0.9999999 -1 0 -0.8152874 0.9002658 -4.85035e-7 0.2870156 0.6999995 -4.85035e-7 -0.8152874 -0.9002662 -4.85035e-7 0.9999999 -1 0 0.04896807 0.9002658 -4.85035e-7 0.04896807 -0.9002662 -4.85035e-7 0.2870156 -0.7000004 -4.85035e-7 -0.9999999 0.9999994 0 0.8470156 0.6999995 -4.85035e-7 0.9999999 0.9999994 0 0.8470156 -0.7000004 -4.85035e-7 0.3078329 0.323978 -4.85035e-7 -0.7831597 0.4166666 -4.85035e-7 -0.7831597 -0.6250001 -4.85035e-7 0.3078329 -0.4859678 -4.85035e-7 0.01684033 0.4166666 -4.85035e-7 0.8261983 0.323978 -4.85035e-7 0.01684033 -0.6250001 -4.85035e-7 0.8261983 -0.4859678 -4.85035e-7 0.01684033 -0.8333334 -4.85035e-7 0.8261983 -0.6479569 -4.85035e-7 -0.216493 -0.8333334 -4.85035e-7 0.6750083 -0.6479569 -4.85035e-7 0.3078329 -0.6479569 -4.85035e-7 -0.7831597 -0.8333334 -4.85035e-7 0.4050264 -0.6479569 -4.85035e-7 -0.6331597 -0.8333334 -4.85035e-7 -0.216493 0.8333332 -4.85035e-7 0.6750083 0.6479562 -4.85035e-7 0.8261983 0.6479562 -4.85035e-7 0.01684033 0.8333332 -4.85035e-7 -0.6331597 0.8333332 -4.85035e-7 0.4050264 0.6479562 -4.85035e-7 -0.7831597 0.8333332 -4.85035e-7 0.3078329 0.6479562 -4.85035e-7 0.8470156 0.323978 -4.85035e-7 0.8470156 -0.4859678 -4.85035e-7 0.2870156 -0.4859678 -4.85035e-7 0.2870156 0.323978 -4.85035e-7 0.6750083 -0.7000004 -4.85035e-7 0.04896807 0.4166666 -4.85035e-7 0.4050264 -0.7000004 -4.85035e-7 0.04896807 -0.6250001 -4.85035e-7 -0.8152874 -0.6250001 -4.85035e-7 0.4050264 0.6999995 -4.85035e-7 0.6750083 0.6999995 -4.85035e-7 -0.8152874 0.4166666 -4.85035e-7 -0.216493 -0.9002662 -4.85035e-7 0.8261982 -0.6479569 -4.85035e-7 -0.6331597 -0.9002662 -4.85035e-7 0.8261983 -0.647957 -4.85035e-7 -0.6331597 0.9002658 -4.85035e-7 0.2870156 -0.7000004 0 0.3078329 -0.6479569 0 -0.216493 0.9002658 -4.85035e-7 0.8261983 -0.6479569 0 0.01684027 -0.8333334 -4.85035e-7 0.8470156 0.6999995 0 0.01684033 -0.8333335 -4.85035e-7 0.8470156 -0.7000004 0 0.8261983 0.6479562 0 0.2870156 0.6999995 0 0.3078329 0.6479562 0 0.04896807 -0.9002662 0 0.01684033 -0.8333334 0 0.04896807 0.9002658 0 0.01684033 0.8333332 0 -0.8152874 -0.9002662 0 -0.7831597 -0.8333334 0 -0.8152874 0.9002658 0 -0.7831597 0.8333332 0 0.9833334 -4.041666 0.01250004 0.9833334 1.333333 0.01249992 0.9833334 -4.041666 -0.01249992 0.9833334 1.333333 -0.01249998 1.016667 -4.041666 0.01250004 1.016667 1.333333 0.01249992 1.016667 -4.041666 -0.01249992 1.016667 1.333333 -0.01249998 -1.016667 -4.041666 0.01250004 -1.016667 1.333333 0.01249992 -1.016667 -4.041666 -0.01249992 -1.016667 1.333333 -0.01249998 -0.9833334 -4.041666 0.01250004 -0.9833334 1.333333 0.01249992 -0.9833334 -4.041666 -0.01249992 -0.9833334 1.333333 -0.01249998 0.2870156 0.6999998 -5.03394e-7 0.2870156 -0.7000002 -4.85035e-7 0.8470157 0.6999997 -4.85035e-7 0.8470157 -0.7000003 -4.66676e-7 0.8470157 0.6999997 0.009999513 0.2870156 0.6999998 0.009999454 0.2870156 -0.7000002 0.009999513 0.8470157 -0.7000003 0.009999513 0.3078329 0.3239783 -4.9778e-7 0.3078329 -0.4859676 -4.87159e-7 0.8261983 0.3239783 -4.80787e-7 0.8261983 -0.4859676 -4.70165e-7 0.8261983 -0.6479567 -4.68041e-7 0.6750084 -0.6479567 -4.72998e-7 0.3078329 -0.6479567 -4.85035e-7 0.4050264 -0.6479567 -4.81849e-7 0.6750084 0.6479565 -4.89992e-7 0.8261983 0.6479565 -4.85035e-7 0.4050264 0.6479565 -4.98843e-7 0.3078329 0.6479565 -5.02029e-7 0.3078329 0.6479565 0.009999454 0.3078329 -0.6479567 0.009999513 0.8261983 -0.6479567 0.009999513 0.8261983 0.6479565 0.009999513 0.8470157 0.3239783 -4.80104e-7 0.8470157 -0.4859676 -4.69483e-7 0.2870156 -0.4859676 -4.87842e-7 0.2870156 0.3239783 -4.98463e-7 0.6750084 -0.7000002 -4.72315e-7 0.4050264 -0.7000002 -4.81166e-7 0.4050264 0.6999998 -4.99525e-7 0.6750084 0.6999998 -4.90674e-7 0.8261983 -0.6479567 -4.68041e-7 0.8261983 -0.6479569 -4.68041e-7 -0.8152874 0.9002657 -5.11007e-7 -0.8152874 -0.9002663 -4.87396e-7 0.04896801 0.9002658 -4.82674e-7 0.04896807 -0.9002662 -4.59063e-7 0.04896801 0.9002658 0.009999513 -0.8152874 0.9002657 0.009999454 -0.8152874 -0.9002663 0.009999454 0.04896807 -0.9002662 0.009999513 -0.7831597 0.4166666 -5.03612e-7 -0.7831597 -0.6250002 -4.89953e-7 0.01684033 0.4166668 -4.77386e-7 0.01684039 -0.6250001 -4.63726e-7 0.01684039 -0.8333333 -4.60994e-7 -0.216493 -0.8333333 -4.68643e-7 -0.7831597 -0.8333334 -4.87221e-7 -0.6331596 -0.8333334 -4.82303e-7 -0.216493 0.8333333 -4.90499e-7 0.01684033 0.8333333 -4.8285e-7 -0.6331598 0.8333331 -5.04159e-7 -0.7831597 0.8333331 -5.09076e-7 -0.7831597 0.8333331 0.009999454 -0.7831597 -0.8333334 0.009999513 0.01684039 -0.8333333 0.009999513 0.01684033 0.8333333 0.009999513 0.04896807 0.4166668 -4.76332e-7 0.04896807 -0.6250001 -4.62673e-7 -0.8152874 -0.6250002 -4.91006e-7 -0.8152874 0.4166666 -5.04666e-7 -0.216493 -0.9002662 -4.67766e-7 -0.6331596 -0.9002663 -4.81425e-7 -0.6331598 0.9002657 -5.05037e-7 -0.216493 0.9002658 -4.91377e-7 0.01684033 -0.8333333 -4.60994e-7 0.01684039 -0.8333334 -4.60994e-7</float_array>
          <technique_common>
            <accessor source="#Plane_007-mesh-positions-array" count="156" stride="3">
              <param name="X" type="float"/>
              <param name="Y" type="float"/>
              <param name="Z" type="float"/>
            </accessor>
          </technique_common>
        </source>
        <source id="Plane_007-mesh-normals">
          <float_array id="Plane_007-mesh-normals-array" count="411">0 0 1 0 0 1 1 0 0 0 0 1 -1 0 0 0 0.993588 0.1130625 0 -1 0 0 -0.9993044 0.03729283 0 1 0 0 -0.9893013 0.145887 0 -0.9849379 -0.172909 0 0.9893013 -0.145887 0 0 -1 0 0 1 0 0 -1 0 0 -1 0 0 -1 0 0 -1 0 0 -1 0 0 -1 0 0 -1 0 0 -1 0 0 -1 0 0 1 0 0 1 1 0 0 0 -1 2.20773e-5 3.46524e-7 1 0 1 0 0 0 1 -5.74929e-6 0 0 -1 0 0 -1 0 0 -1 0 0 -1 0 0 -1 0 0 -1 0 0 -1 0 0 -1 0 0 1 0 0 1 1 0 7.87543e-7 2.86102e-7 -1 0 -1 0 0 1 0 -1.49012e-6 -1.49012e-7 1 0 0 0 1 0 0 1 0 -0.9982484 0.05916291 0 -0.9750673 -0.2219099 0 0.9982484 -0.05916291 0 0 1 0 0 1 0 -0.990042 -0.1407727 0 -0.988407 0.1518282 0 -0.9591545 0.2828829 0 0.9884069 0.1518282 -1 0 0 1 0 0 0 0 -1 0 0 -1 0 0 -1 0 0 -1 0 0 -1 0 0 -1 0 0 -1 0 0 -1 0 0 -1 0 0 -1 0 0 -1 0 0 -1 0 0 -1 0 0 -1 0 0 -1 0 0 -1 0 0 -1 0 0 1 -1.27822e-7 0 1 0 0 1 0 0 1 0 0 1 0 0 1 1 -3.89332e-7 0 -1 0 0 -3.46524e-7 -1 0 -2.12874e-7 -1 -1.06437e-5 -5.05078e-7 -1 0 5.05078e-7 1 0 2.12874e-7 1 5.32184e-6 0 1 0 -1 1.32852e-7 0 1 0 0 1 0 0 0 1 9.85591e-6 0 1 -5.51932e-6 0 -1 -5.74929e-6 0 0 -1 0 0 -1 0 0 -1 0 0 -1 0 0 -1 0 0 -1 0 0 -1 0 0 -1 0 0 -1 0 0 -1 0 0 -1 -9.53674e-7 0 -1 0 0 -1 0 0 -1 0 0 -1 0 0 -1 0 0 -1 0 0 1 0 0 1 -1.39143e-7 0 1 0 0 1 0 0 1 0 0 1 1 0 0 1 0 1.37933e-6 1 0 0 -1 -6.76671e-7 0 -1 0 0 -1 -1.72743e-7 0 1.37933e-7 -1 0 -1.37933e-7 1 6.89665e-6 -2.86102e-7 1 -2.86102e-5 -1 0 -1.49012e-6 -1 0 0 -1 0 -5.96046e-7 1 -2.65833e-7 0 1 3.57628e-7 1.19209e-6 1 -4.47035e-7 0 0 1 1.27724e-5 -2.86102e-7 1 -7.15256e-6 1.49012e-7 -1 0 2.86102e-7 -1 1.43051e-5</float_array>
          <technique_common>
            <accessor source="#Plane_007-mesh-normals-array" count="137" stride="3">
              <param name="X" type="float"/>
              <param name="Y" type="float"/>
              <param name="Z" type="float"/>
            </accessor>
          </technique_common>
        </source>
        <source id="Plane_007-mesh-map-0">
          <float_array id="Plane_007-mesh-map-0-array" count="1764">0.6435078 0.15 0.6435078 0.8500001 0.524484 0.04986703 0 1 0.09235626 0.04986703 0.09235626 0.9501332 1 0 0.9235079 0.85 0.9235079 0.15 0.03717374 0.9628262 0.2685868 1 0 1 0 0 0.03717374 0.03717374 0 0.2107335 0.03717374 0.2107335 0 0.6928442 0 0.2107335 0.8471196 0.9628261 0.2685868 1 0.2685868 0.9628261 1 1 0.9628261 0.9628261 0.9628261 0.9628261 0.9628261 0.9628261 0.9628261 0.9628261 0.9628261 0.9628261 0.9628261 0.03717374 0.8471196 0 1 0 1 0.6928442 0.962826 0.2107335 1 0.2107335 0.8471196 0.03717374 0.2685868 0 0.8471196 0 0 1 1 1 0 1 0.8471196 0 0.8471196 0 1 0 1 0.6928442 1 0.6928442 1 1 0 0 0 0 0 0 0 1 0 1 0 1 1 0 1 0 1 0 1 1 1 1 1 1 0 0 0 0 0 0 0.03717374 0.9628262 0.2685868 1 0 1 0 0 0.03717374 0.03717374 0 0.2107335 0.03717374 0.2107335 0 0.6928442 0 0.2107335 0.8471196 0.9628261 0.2685868 1 0.2685868 0.9628261 1 1 0.9628261 0.9628261 0.9628261 0.9628261 0.9628261 0.9628261 0.9628261 0.9628261 0.9628261 0.9628261 1 0.2107335 0.962826 0.2107335 0.9628261 0.03717374 1 0.6928442 0.962826 0.2107335 1 0.2107335 0.8471196 0.03717374 0.2685868 0 0.8471196 0 1 1 1 1 0 1 0.8471196 0 0.8471196 0 1 0 1 0.6928442 1 0.6928442 1 1 0 0 0 0 0 0 0 1 0 1 0 1 1 0 1 0 1 0 1 1 1 1 1 1 0 0 0 0 0 0 0.625 0 0.375 0.25 0.375 0 0.625 0.25 0.375 0.5 0.375 0.25 0.625 0.5 0.375 0.75 0.375 0.5 0.625 0.75 0.375 1 0.375 0.75 0.375 0.5 0.125 0.75 0.125 0.5 0.875 0.5 0.625 0.75 0.625 0.5 0.625 0 0.375 0.25 0.375 0 0.625 0.25 0.375 0.5 0.375 0.25 0.625 0.5 0.375 0.75 0.375 0.5 0.625 0.75 0.375 1 0.375 0.75 0.375 0.5 0.125 0.75 0.125 0.5 0.875 0.5 0.625 0.75 0.625 0.5 0.03717374 0.9628262 0 0.6928442 0 1 0.03717374 0.03717374 0.2685868 0 0 0 0.03717374 0.6928442 0 0.2107335 0 0.6928442 0.8471196 0.9628261 0.2685868 1 0.8471196 1 0.9628261 0.9628261 0.8471196 1 1 1 0.9628261 0.9628261 0.9628261 0.9628261 0.9628261 0.9628261 0.9628261 0.03717374 1 0.2107335 1 0 0.962826 0.2107335 1 0.6928442 1 0.2107335 0.8471196 0.03717374 0.2685868 0 0.2685868 0.03717374 1 0 1 1 0.962826 0.03717374 0 0 0.03717374 0.9628262 0 1 1 1 0.8471196 1 0.2685868 1 0.2685868 0 0.8471196 0 1 0 1 0.2107335 1 0.6928442 1 0 0 1 0 1 0 0.6928442 0.875 1 1 1 1 1 0.25 0 0 0 1 0 1 0 1 1 1 0.7083334 0 0.7083333 0 1 0 1 0.03717374 0.9628262 0 0.6928442 0 1 0.03717374 0.03717374 0.2685868 0 0 0 0.03717374 0.6928442 0 0.2107335 0 0.6928442 0.8471196 0.9628261 0.2685868 1 0.8471196 1 0.9628261 0.9628261 0.8471196 1 1 1 0.9628261 0.9628261 0.9628261 0.9628261 0.9628261 0.9628261 0.9628261 0.03717374 1 0.2107335 1 0 0.962826 0.2107335 1 0.6928442 1 0.2107335 0.8471196 0.03717374 0.2685868 0 0.2685868 0.03717374 1 0 1 1 0.962826 0.03717374 0 0 0.03717374 0.9628262 0 1 1 1 0.8471196 1 0.2685868 1 0.2685868 0 0.8471196 0 1 0 1 0.2107335 1 0.6928442 1 0 0 1 0 1 0 0.6928442 0.875 1 1 1 1 1 1 0 0.25 0 0 0 1 0 1 1 1 0.7083334 0 0.7083333 0 1 0 1 0.524484 0.04986703 0.09235626 0.04986703 0 0 1 0 0.9235079 0.15 0.6435078 0.15 0.6435078 0.8500001 0.9235079 0.85 1 1 1 1 0 1 0.524484 0.9501332 0 1 0.09235626 0.9501332 0.524484 0.9501332 0.6435078 0.8500001 1 1 0.524484 0.9501332 0.524484 0.04986703 0 0 1 0 0.6435078 0.8500001 0.524484 0.9501332 0.524484 0.04986703 0.524484 0.04986703 1 0 0.6435078 0.15 0 1 0 0 0.09235626 0.04986703 1 0 1 1 0.9235079 0.85 0.03717374 0.9628262 0.2685868 0.9628261 0.2685868 1 0 1 0 0.6928442 0.03717374 0.9628262 0 0.6928442 0.03717374 0.6928442 0.03717374 0.9628262 0 0 0.2685868 0 0.03717374 0.03717374 0.2685868 0 0.2685868 0.03717374 0.03717374 0.03717374 0.03717374 0.03717374 0.03717374 0.2107335 0 0.2107335 0.03717374 0.2107335 0.03717374 0.6928442 0 0.6928442 0.8471196 0.9628261 0.8471196 1 0.2685868 1 0.9628261 0.9628261 0.9628261 0.9628261 0.9628261 0.6928442 0.9628261 0.6928442 1 0.6928442 0.9628261 0.9628261 1 0.6928442 1 1 0.9628261 0.9628261 1 1 0.8471196 1 0.9628261 0.9628261 0.8471196 1 0.8471196 0.9628261 0.9628261 0.9628261 0.9628261 0.03717374 0.8471196 0.03717374 0.8471196 0 1 0 1 0.2107335 0.9628261 0.03717374 1 0.2107335 0.962826 0.2107335 0.9628261 0.03717374 1 0.6928442 0.9628261 0.6928442 0.962826 0.2107335 0.8471196 0.03717374 0.2685868 0.03717374 0.2685868 0 1 1 1 1 0 1 0 1 0 1 0 1 0 1 0 1 0 1 1 0 1 0 0.8471196 0 1 0 0.8471196 0 0.8471196 0 0.8471196 0 0.8471196 0 1 0 1 0.6928442 1 0.6928442 1 1 1 1 1 1 1 0.6928442 1 1 1 0.6928442 1 0.6928442 0 0 0 0 0 0 0 0 0 0 0 0 0 0 0 0 0 0 0 1 0 1 0 1 0 1 0 1 0 1 0 1 0 1 0 1 1 0 1 0 1 0 1 0 1 0 1 0 1 0 1 0 1 0 1 1 1 1 1 1 1 1 1 1 1 1 1 1 1 1 1 1 1 1 1 1 1 1 0 0 0 0 0 0 0 0 0 0 0 0 0 0 0 0 0 0 0.03717374 0.9628262 0.2685868 0.9628261 0.2685868 1 0 1 0 0.6928442 0.03717374 0.9628262 0 0.6928442 0.03717374 0.6928442 0.03717374 0.9628262 0 0 0.2685868 0 0.03717374 0.03717374 0.2685868 0 0.2685868 0.03717374 0.03717374 0.03717374 0.03717374 0.03717374 0.03717374 0.2107335 0 0.2107335 0.03717374 0.2107335 0.03717374 0.6928442 0 0.6928442 0.8471196 0.9628261 0.8471196 1 0.2685868 1 0.9628261 0.9628261 0.9628261 0.6928442 1 0.6928442 1 1 0.8471196 1 0.9628261 0.9628261 0.8471196 1 0.8471196 0.9628261 0.9628261 0.9628261 0.9628261 0.9628261 1 0.6928442 0.9628261 0.9628261 1 0.6928442 1 1 0.9628261 0.9628261 0.8471196 0.03717374 0.8471196 0 0.9628261 0.03717374 0.8471196 0 1 0 0.9628261 0.03717374 1 0 1 0.2107335 0.9628261 0.03717374 1 0.6928442 0.9628261 0.6928442 0.962826 0.2107335 0.8471196 0.03717374 0.2685868 0.03717374 0.2685868 0 0 1 0 1 1 1 1 1 1 1 0 1 0 1 1 1 0 1 1 0 1 0 0.8471196 0 1 0 0.8471196 0 0.8471196 0 0.8471196 0 0.8471196 0 1 0 1 1 1 0.6928442 1 0.6928442 1 0.6928442 1 0.6928442 1 1 1 1 1 0.6928442 1 1 0 0 0 0 0 0 0 0 0 0 0 0 0 0 0 0 0 0 0 1 0 1 0 1 0 1 0 1 0 1 0 1 0 1 0 1 1 0 1 0 1 0 1 0 1 0 1 0 1 0 1 0 1 0 1 1 1 1 1 1 1 1 1 1 1 1 1 1 1 1 1 1 1 1 1 1 1 1 0 0 0 0 0 0 0 0 0 0 0 0 0 0 0 0 0 0 0.625 0 0.625 0.25 0.375 0.25 0.625 0.25 0.625 0.5 0.375 0.5 0.625 0.5 0.625 0.75 0.375 0.75 0.625 0.75 0.625 1 0.375 1 0.375 0.5 0.375 0.75 0.125 0.75 0.875 0.5 0.875 0.75 0.625 0.75 0.625 0 0.625 0.25 0.375 0.25 0.625 0.25 0.625 0.5 0.375 0.5 0.625 0.5 0.625 0.75 0.375 0.75 0.625 0.75 0.625 1 0.375 1 0.375 0.5 0.375 0.75 0.125 0.75 0.875 0.5 0.875 0.75 0.625 0.75 0.2685868 1 0.2685868 0.9628261 0.03717374 0.9628262 0.03717374 0.9628262 0.03717374 0.6928442 0 0.6928442 0 1 0.2685868 1 0.03717374 0.9628262 0 0 0 0.2107335 0.03717374 0.03717374 0 0.2107335 0.03717374 0.2107335 0.03717374 0.03717374 0.03717374 0.03717374 0.2685868 0.03717374 0.2685868 0 0.03717374 0.6928442 0.03717374 0.2107335 0 0.2107335 0.8471196 0.9628261 0.2685868 0.9628261 0.2685868 1 0.9628261 0.9628261 0.8471196 0.9628261 0.8471196 1 1 1 1 0.6928442 0.9628261 0.9628261 1 0.6928442 0.9628261 0.6928442 0.9628261 0.9628261 0.9628261 0.6928442 0.9628261 0.9628261 0.9628261 0.9628261 0.9628261 0.9628261 0.9628261 0.9628261 1 1 0.8471196 0 0.8471196 0.03717374 0.9628261 0.03717374 0.9628261 0.03717374 0.962826 0.2107335 1 0.2107335 1 0 0.8471196 0 0.9628261 0.03717374 0.962826 0.2107335 0.9628261 0.6928442 1 0.6928442 0.8471196 0.03717374 0.8471196 0 0.2685868 0 0.962826 0.03717374 0.03717374 0.03717374 0 0 1 1 0 1 0.9628261 0.9628261 0 1 0.03717374 0.9628262 0.9628261 0.9628261 0.962826 0.03717374 0 0 1 0 1 1 0.9628261 0.9628261 0.962826 0.03717374 0 0 0.03717374 0.03717374 0.03717374 0.9628262 0 1 0 1 0.2685868 1 0 1 1 1 0.2685868 1 1 1 1 1 0.8471196 1 0.8471196 0 1 0 1 0 1 0 0 0 0.2685868 0 0 0 0 0 0.2685868 0 1 0.6928442 1 1 1 1 1 1 1 0 1 0.6928442 1 0 1 0 1 0.2107335 0 0 0 0 0 0.2107335 0 0 0 1 0 0.6928442 0 0.2107335 0 0 0 0.6928442 1 1 0 1 0.25 1 0 1 0 1 0.25 1 0.25 1 0.875 1 1 1 1 0 1 0 0.875 0 0.25 0 0 0 0 0 1 0 0.875 0 0.25 0 1 1 1 1 1 1 1 1 1 0.7083334 1 1 1 0.7083334 1 0.1875 1 0 1 0.1875 1 0 1 0 0 1 0 0 0 0.7083333 0 0 0 0 0 0.1875 0 0 0 0.1875 0 0.7083333 0.2685868 1 0.2685868 0.9628261 0.03717374 0.9628262 0.03717374 0.9628262 0.03717374 0.6928442 0 0.6928442 0 1 0.2685868 1 0.03717374 0.9628262 0 0 0 0.2107335 0.03717374 0.03717374 0 0.2107335 0.03717374 0.2107335 0.03717374 0.03717374 0.03717374 0.03717374 0.2685868 0.03717374 0.2685868 0 0.03717374 0.6928442 0.03717374 0.2107335 0 0.2107335 0.8471196 0.9628261 0.2685868 0.9628261 0.2685868 1 0.9628261 0.9628261 0.8471196 0.9628261 0.8471196 1 1 1 1 0.6928442 0.9628261 0.9628261 1 0.6928442 0.9628261 0.6928442 0.9628261 0.9628261 0.9628261 0.6928442 0.9628261 0.9628261 0.9628261 0.9628261 0.9628261 0.9628261 0.9628261 0.9628261 1 1 0.8471196 0 0.8471196 0.03717374 0.9628261 0.03717374 0.9628261 0.03717374 0.962826 0.2107335 1 0.2107335 1 0 0.8471196 0 0.9628261 0.03717374 0.962826 0.2107335 0.9628261 0.6928442 1 0.6928442 0.8471196 0.03717374 0.8471196 0 0.2685868 0 0.962826 0.03717374 0.03717374 0.03717374 0 0 1 1 0 1 0.9628261 0.9628261 0 1 0.03717374 0.9628262 0.9628261 0.9628261 0.962826 0.03717374 0 0 1 0 1 1 0.9628261 0.9628261 0.962826 0.03717374 0 0 0.03717374 0.03717374 0.03717374 0.9628262 0 1 0 1 0.2685868 1 0 1 1 1 0.2685868 1 1 1 1 1 0.8471196 1 0.8471196 0 1 0 1 0 1 0 0 0 0.2685868 0 0 0 0 0 0.2685868 0 1 0.6928442 1 1 1 1 1 1 1 0 1 0.6928442 1 0 1 0 1 0.2107335 0 0 0 0 0 0.2107335 0 0 0 1 0 0.6928442 0 0.2107335 0 0 0 0.6928442 1 1 0 1 0.25 1 0 1 0 1 0.25 1 0.25 1 0.875 1 1 1 1 0 1 0 0.875 0 0.875 0 0.25 0 1 0 0.25 0 0 0 0 0 1 1 1 1 1 1 1 1 1 0.7083334 1 1 1 0.7083334 1 0.1875 1 0 1 0.1875 1 0 1 0 0 1 0 0 0 0.7083333 0 0 0 0 0 0.1875 0 0.1875 0 0.7083333 0 0</float_array>
          <technique_common>
            <accessor source="#Plane_007-mesh-map-0-array" count="882" stride="2">
              <param name="S" type="float"/>
              <param name="T" type="float"/>
            </accessor>
          </technique_common>
        </source>
        <vertices id="Plane_007-mesh-vertices">
          <input semantic="POSITION" source="#Plane_007-mesh-positions"/>
        </vertices>
        <triangles material="kraft-material" count="134">
          <input semantic="VERTEX" source="#Plane_007-mesh-vertices" offset="0"/>
          <input semantic="NORMAL" source="#Plane_007-mesh-normals" offset="1"/>
          <input semantic="TEXCOORD" source="#Plane_007-mesh-map-0" offset="2" set="1"/>
          <p>53 0 0 62 0 1 64 0 2 8 0 3 68 0 4 70 0 5 4 0 6 58 0 7 60 0 8 30 1 9 36 1 10 9 1 11 2 0 12 35 0 13 45 0 14 33 0 15 46 0 16 45 0 17 19 0 18 36 0 19 17 0 20 11 2 21 21 2 22 51 2 23 49 0 24 51 0 25 21 0 26 24 3 27 38 3 28 7 3 29 40 0 30 26 0 31 42 0 32 15 0 33 39 0 34 38 0 35 36 4 36 37 4 37 60 4 38 38 2 39 39 2 40 62 2 41 40 5 42 42 5 43 53 5 44 45 6 45 46 6 46 58 6 47 19 2 48 17 2 49 61 2 50 12 4 51 15 4 52 54 4 53 23 7 54 49 7 55 56 7 56 29 8 57 33 8 58 63 8 59 31 0 60 41 0 61 5 0 62 1 0 63 34 0 64 52 0 65 32 0 66 55 0 67 52 0 68 18 0 69 41 0 70 16 0 71 6 4 72 20 4 73 59 4 74 57 0 75 59 0 76 20 0 77 50 0 78 27 0 79 25 0 80 48 0 81 27 0 82 50 0 83 14 0 84 47 0 85 44 0 86 41 4 87 43 4 88 64 4 89 44 2 90 47 2 91 70 2 92 48 8 93 50 8 94 68 8 95 52 9 96 55 9 97 66 9 98 18 2 99 16 2 100 67 2 101 13 4 102 14 4 103 69 4 104 22 10 105 57 10 106 65 10 107 28 11 108 32 11 109 71 11 110 64 0 261 68 0 262 0 0 263 4 0 264 60 0 265 53 0 266 62 0 267 58 0 268 10 0 269 10 0 270 8 0 271 66 0 272 8 0 273 70 0 274 66 0 275 62 0 276 10 0 277 66 0 278 64 0 279 0 0 280 4 0 281 62 0 282 66 0 283 64 0 284 64 0 285 4 0 286 53 0 287 8 0 288 0 0 289 68 0 290 4 0 291 10 0 292 58 0 293 30 0 294 17 0 295 36 0 296 9 0 297 46 0 298 30 0 299 46 0 300 29 0 301 30 0 302 2 45 303 39 45 304 35 45 305 39 0 306 12 0 307 35 0 308 35 0 309 33 0 310 45 0 311 33 0 312 29 0 313 46 0 314 19 0 315 37 0 316 36 0 317 51 0 318 49 0 319 23 0 320 23 0 321 40 0 322 51 0 323 40 0 324 11 0 325 51 0 326 11 46 327 37 46 328 21 46 329 37 0 330 19 0 331 21 0 332 24 0 333 15 0 334 38 0 335 7 0 336 42 0 337 24 0 338 42 0 339 26 0 340 24 0 341 40 0 342 23 0 343 26 0 344 15 0 345 12 0 346 39 0 347 37 4 348 11 4 349 60 4 350 60 4 351 58 4 352 36 4 353 58 4 354 9 4 355 36 4 356 62 2 357 53 2 358 38 2 359 53 2 360 7 2 361 38 2 362 39 2 363 2 2 364 62 2 365 42 8 366 7 8 367 53 8 368 53 8 369 60 8 370 40 8 371 60 8 372 11 8 373 40 8 374 58 6 375 62 6 376 45 6 377 62 6 378 2 6 379 45 6 380 46 6 381 9 6 382 58 6 383 61 2 384 56 2 385 19 2 386 56 2 387 21 2 388 19 2 389 17 2 390 30 2 391 61 2 392 15 4 393 24 4 394 54 4 395 54 4 396 63 4 397 12 4 398 63 4 399 35 4 400 12 4 401 56 47 402 54 47 403 26 47 404 54 6 405 24 6 406 26 6 407 49 6 408 21 6 409 56 6 410 56 48 411 26 48 412 23 48 413 33 8 414 35 8 415 63 8 416 63 49 417 61 49 418 29 49 419 61 8 420 30 8 421 29 8 422 31 0 423 16 0 424 41 0 425 5 0 426 55 0 427 31 0 428 55 0 429 28 0 430 31 0 431 1 0 432 47 0 433 34 0 434 47 0 435 13 0 436 34 0 437 34 0 438 32 0 439 52 0 440 32 0 441 28 0 442 55 0 443 18 0 444 43 0 445 41 0 446 57 0 447 22 0 448 48 0 449 6 50 450 43 50 451 20 50 452 43 0 453 18 0 454 20 0 455 57 0 456 48 0 457 59 0 458 48 0 459 6 0 460 59 0 461 14 0 462 44 0 463 25 0 464 44 51 465 3 51 466 25 51 467 3 0 468 50 0 469 25 0 470 48 0 471 22 0 472 27 0 473 14 0 474 13 0 475 47 0 476 66 4 477 5 4 478 41 4 479 43 4 480 6 4 481 64 4 482 66 4 483 41 4 484 64 4 485 70 2 486 68 2 487 44 2 488 68 2 489 3 2 490 44 2 491 47 2 492 1 2 493 70 2 494 64 8 495 6 8 496 48 8 497 50 8 498 3 8 499 68 8 500 64 8 501 48 8 502 68 8 503 66 52 504 70 52 505 52 52 506 70 6 507 1 6 508 52 6 509 55 6 510 5 6 511 66 6 512 67 2 513 65 2 514 18 2 515 65 2 516 20 2 517 18 2 518 16 2 519 31 2 520 67 2 521 71 4 522 34 4 523 13 4 524 14 4 525 25 4 526 69 4 527 71 4 528 13 4 529 69 4 530 65 53 531 69 53 532 27 53 533 69 6 534 25 6 535 27 6 536 57 6 537 20 6 538 65 6 539 65 54 540 27 54 541 22 54 542 67 8 543 31 8 544 28 8 545 32 8 546 34 8 547 71 8 548 67 55 549 28 55 550 71 55 551</p>
        </triangles>
        <triangles material="marrom-material" count="24">
          <input semantic="VERTEX" source="#Plane_007-mesh-vertices" offset="0"/>
          <input semantic="NORMAL" source="#Plane_007-mesh-normals" offset="1"/>
          <input semantic="TEXCOORD" source="#Plane_007-mesh-map-0" offset="2" set="1"/>
          <p>73 4 111 74 4 112 72 4 113 75 12 114 78 12 115 74 12 116 79 2 117 76 2 118 78 2 119 77 13 120 72 13 121 76 13 122 78 6 123 72 6 124 74 6 125 75 8 126 77 8 127 79 8 128 81 4 129 82 4 130 80 4 131 83 12 132 86 12 133 82 12 134 87 2 135 84 2 136 86 2 137 85 13 138 80 13 139 84 13 140 86 6 141 80 6 142 82 6 143 83 8 144 85 8 145 87 8 146 73 56 552 75 56 553 74 56 554 75 12 555 79 12 556 78 12 557 79 57 558 77 57 559 76 57 560 77 13 561 73 13 562 72 13 563 78 6 564 76 6 565 72 6 566 75 8 567 73 8 568 77 8 569 81 56 570 83 56 571 82 56 572 83 12 573 87 12 574 86 12 575 87 57 576 85 57 577 84 57 578 85 13 579 81 13 580 80 13 581 86 6 582 84 6 583 80 6 584 83 8 585 81 8 586 85 8 587</p>
        </triangles>
        <triangles material="red-material" count="68">
          <input semantic="VERTEX" source="#Plane_007-mesh-vertices" offset="0"/>
          <input semantic="NORMAL" source="#Plane_007-mesh-normals" offset="1"/>
          <input semantic="TEXCOORD" source="#Plane_007-mesh-map-0" offset="2" set="1"/>
          <p>105 14 147 119 14 148 90 14 149 107 15 150 115 15 151 88 15 152 104 16 153 118 16 154 119 16 155 99 17 156 112 17 157 113 17 158 100 18 159 113 18 160 91 18 161 100 19 162 121 19 163 120 19 164 102 20 165 117 20 166 89 20 167 103 21 168 116 21 169 117 21 170 97 22 171 115 22 172 96 22 173 94 23 174 95 23 175 109 23 176 93 24 177 111 24 178 92 24 179 95 25 180 113 25 181 112 25 182 115 4 183 114 4 184 94 4 185 117 26 186 116 26 187 94 26 188 92 27 189 90 27 190 119 27 191 99 4 192 100 4 193 110 4 194 96 28 195 108 28 196 109 28 197 109 29 198 110 29 199 101 29 200 104 6 201 105 6 202 111 6 203 112 58 588 98 58 589 105 58 590 105 59 591 104 59 592 119 59 593 90 60 594 112 60 595 105 60 596 88 61 597 118 61 598 107 61 599 118 62 600 106 62 601 107 62 602 107 63 603 96 63 604 115 63 605 104 64 606 106 64 607 118 64 608 99 65 609 98 65 610 112 65 611 100 66 612 99 66 613 113 66 614 91 67 615 116 67 616 121 67 617 116 68 618 101 68 619 121 68 620 101 69 621 120 69 622 121 69 623 121 19 624 100 19 625 91 19 626 114 70 627 97 70 628 102 70 629 102 71 630 103 71 631 117 71 632 89 72 633 114 72 634 102 72 635 103 73 636 101 73 637 116 73 638 97 74 639 114 74 640 115 74 641 109 75 642 108 75 643 93 75 644 95 76 645 92 76 646 110 76 647 92 77 648 111 77 649 110 77 650 109 78 651 93 78 652 94 78 653 95 79 654 110 79 655 109 79 656 93 80 657 108 80 658 111 80 659 90 2 660 92 2 661 112 2 662 92 2 663 95 2 664 112 2 665 95 81 666 91 81 667 113 81 668 114 4 669 89 4 670 94 4 671 94 4 672 93 4 673 115 4 674 93 82 675 88 82 676 115 82 677 116 83 678 91 83 679 95 83 680 95 84 681 94 84 682 116 84 683 94 85 684 89 85 685 117 85 686 88 86 687 93 86 688 118 86 689 93 87 690 92 87 691 119 87 692 118 88 693 93 88 694 119 88 695 110 4 696 111 4 697 98 4 698 111 89 699 105 89 700 98 89 701 98 4 702 99 4 703 110 4 704 109 90 705 102 90 706 97 90 707 96 2 708 107 2 709 108 2 710 109 91 711 97 91 712 96 91 713 110 0 714 100 0 715 120 0 716 120 92 717 101 92 718 110 92 719 101 93 720 103 93 721 109 93 722 103 8 723 102 8 724 109 8 725 111 94 726 108 94 727 104 94 728 108 6 729 107 6 730 106 6 731 108 6 732 106 6 733 104 6 734</p>
        </triangles>
        <triangles material="blue-material" count="68">
          <input semantic="VERTEX" source="#Plane_007-mesh-vertices" offset="0"/>
          <input semantic="NORMAL" source="#Plane_007-mesh-normals" offset="1"/>
          <input semantic="TEXCOORD" source="#Plane_007-mesh-map-0" offset="2" set="1"/>
          <p>139 30 204 153 30 205 124 30 206 141 31 207 149 31 208 122 31 209 138 32 210 152 32 211 153 32 212 133 33 213 146 33 214 147 33 215 134 34 216 147 34 217 125 34 218 134 19 219 155 19 220 154 19 221 136 35 222 151 35 223 123 35 224 137 36 225 150 36 226 151 36 227 131 37 228 149 37 229 130 37 230 128 38 231 129 38 232 143 38 233 127 39 234 145 39 235 126 39 236 129 40 237 147 40 238 146 40 239 149 4 240 148 4 241 128 4 242 151 41 243 150 41 244 128 41 245 126 8 246 124 8 247 153 8 248 133 42 249 134 42 250 144 42 251 143 43 252 130 43 253 142 43 254 143 44 255 144 44 256 135 44 257 138 6 258 139 6 259 145 6 260 146 95 735 132 95 736 139 95 737 139 96 738 138 96 739 153 96 740 124 97 741 146 97 742 139 97 743 122 98 744 152 98 745 141 98 746 152 99 747 140 99 748 141 99 749 141 100 750 130 100 751 149 100 752 138 101 753 140 101 754 152 101 755 133 33 756 132 33 757 146 33 758 134 102 759 133 102 760 147 102 761 125 103 762 150 103 763 155 103 764 150 104 765 135 104 766 155 104 767 135 105 768 154 105 769 155 105 770 155 106 771 134 106 772 125 106 773 148 107 774 131 107 775 136 107 776 136 108 777 137 108 778 151 108 779 123 109 780 148 109 781 136 109 782 137 110 783 135 110 784 150 110 785 131 111 786 148 111 787 149 111 788 143 112 789 142 112 790 127 112 791 129 113 792 126 113 793 144 113 794 126 114 795 145 114 796 144 114 797 143 115 798 127 115 799 128 115 800 129 116 801 144 116 802 143 116 803 127 117 804 142 117 805 145 117 806 124 118 807 126 118 808 146 118 809 126 119 810 129 119 811 146 119 812 129 120 813 125 120 814 147 120 815 148 121 816 123 121 817 128 121 818 128 122 819 127 122 820 149 122 821 127 123 822 122 123 823 149 123 824 150 6 825 125 6 826 129 6 827 129 124 828 128 124 829 150 124 830 128 6 831 123 6 832 151 6 833 122 8 834 127 8 835 152 8 836 127 125 837 126 125 838 153 125 839 152 126 840 127 126 841 153 126 842 144 127 843 145 127 844 132 127 845 145 128 846 139 128 847 132 128 848 132 129 849 133 129 850 144 129 851 143 130 852 136 130 853 131 130 854 131 131 855 130 131 856 143 131 857 130 132 858 141 132 859 142 132 860 144 8 861 134 8 862 154 8 863 154 133 864 135 133 865 144 133 866 135 134 867 137 134 868 143 134 869 137 8 870 136 8 871 143 8 872 145 135 873 142 135 874 138 135 875 142 6 876 141 6 877 140 6 878 140 136 879 138 136 880 142 136 881</p>
        </triangles>
      </mesh>
    </geometry>
    <geometry id="Cube_003-mesh" name="Cube.003">
      <mesh>
        <source id="Cube_003-mesh-positions">
          <float_array id="Cube_003-mesh-positions-array" count="48">0.7375006 -0.01249998 -1.00625 0.7375006 -0.01249998 1.00625 0.7375006 0.01249998 -1.00625 0.7375006 0.01249998 1.00625 0.7625006 -0.01249998 -1.00625 0.7625006 -0.01249998 1.00625 0.7625006 0.01249998 -1.00625 0.7625006 0.01249998 1.00625 -0.7624995 -0.01249998 -1.00625 -0.7624995 -0.01249998 1.00625 -0.7624995 0.01249998 -1.00625 -0.7624995 0.01249998 1.00625 -0.7374994 -0.01249998 -1.00625 -0.7374994 -0.01249998 1.00625 -0.7374994 0.01249998 -1.00625 -0.7374994 0.01249998 1.00625</float_array>
          <technique_common>
            <accessor source="#Cube_003-mesh-positions-array" count="16" stride="3">
              <param name="X" type="float"/>
              <param name="Y" type="float"/>
              <param name="Z" type="float"/>
            </accessor>
          </technique_common>
        </source>
        <source id="Cube_003-mesh-normals">
          <float_array id="Cube_003-mesh-normals-array" count="18">-1 0 0 0 1 0 1 0 0 0 -1 0 0 0 -1 0 0 1</float_array>
          <technique_common>
            <accessor source="#Cube_003-mesh-normals-array" count="6" stride="3">
              <param name="X" type="float"/>
              <param name="Y" type="float"/>
              <param name="Z" type="float"/>
            </accessor>
          </technique_common>
        </source>
        <source id="Cube_003-mesh-map-0">
          <float_array id="Cube_003-mesh-map-0-array" count="144">0.625 0 0.375 0.25 0.375 0 0.625 0.25 0.375 0.5 0.375 0.25 0.625 0.5 0.375 0.75 0.375 0.5 0.625 0.75 0.375 1 0.375 0.75 0.375 0.5 0.125 0.75 0.125 0.5 0.875 0.5 0.625 0.75 0.625 0.5 0.625 0 0.375 0.25 0.375 0 0.625 0.25 0.375 0.5 0.375 0.25 0.625 0.5 0.375 0.75 0.375 0.5 0.625 0.75 0.375 1 0.375 0.75 0.375 0.5 0.125 0.75 0.125 0.5 0.875 0.5 0.625 0.75 0.625 0.5 0.625 0 0.625 0.25 0.375 0.25 0.625 0.25 0.625 0.5 0.375 0.5 0.625 0.5 0.625 0.75 0.375 0.75 0.625 0.75 0.625 1 0.375 1 0.375 0.5 0.375 0.75 0.125 0.75 0.875 0.5 0.875 0.75 0.625 0.75 0.625 0 0.625 0.25 0.375 0.25 0.625 0.25 0.625 0.5 0.375 0.5 0.625 0.5 0.625 0.75 0.375 0.75 0.625 0.75 0.625 1 0.375 1 0.375 0.5 0.375 0.75 0.125 0.75 0.875 0.5 0.875 0.75 0.625 0.75</float_array>
          <technique_common>
            <accessor source="#Cube_003-mesh-map-0-array" count="72" stride="2">
              <param name="S" type="float"/>
              <param name="T" type="float"/>
            </accessor>
          </technique_common>
        </source>
        <vertices id="Cube_003-mesh-vertices">
          <input semantic="POSITION" source="#Cube_003-mesh-positions"/>
        </vertices>
        <triangles material="marrom-material" count="24">
          <input semantic="VERTEX" source="#Cube_003-mesh-vertices" offset="0"/>
          <input semantic="NORMAL" source="#Cube_003-mesh-normals" offset="1"/>
          <input semantic="TEXCOORD" source="#Cube_003-mesh-map-0" offset="2" set="1"/>
          <p>1 0 0 2 0 1 0 0 2 3 1 3 6 1 4 2 1 5 7 2 6 4 2 7 6 2 8 5 3 9 0 3 10 4 3 11 6 4 12 0 4 13 2 4 14 3 5 15 5 5 16 7 5 17 9 0 18 10 0 19 8 0 20 11 1 21 14 1 22 10 1 23 15 2 24 12 2 25 14 2 26 13 3 27 8 3 28 12 3 29 14 4 30 8 4 31 10 4 32 11 5 33 13 5 34 15 5 35 1 0 36 3 0 37 2 0 38 3 1 39 7 1 40 6 1 41 7 2 42 5 2 43 4 2 44 5 3 45 1 3 46 0 3 47 6 4 48 4 4 49 0 4 50 3 5 51 1 5 52 5 5 53 9 0 54 11 0 55 10 0 56 11 1 57 15 1 58 14 1 59 15 2 60 13 2 61 12 2 62 13 3 63 9 3 64 8 3 65 14 4 66 12 4 67 8 4 68 11 5 69 9 5 70 13 5 71</p>
        </triangles>
      </mesh>
    </geometry>
    <geometry id="Plane_004-mesh" name="Plane.004">
      <mesh>
        <source id="Plane_004-mesh-positions">
          <float_array id="Plane_004-mesh-positions-array" count="468">-0.9999999 -1 0 -0.8152874 0.9002658 -4.85035e-7 0.2870156 0.6999995 -4.85035e-7 -0.8152874 -0.9002662 -4.85035e-7 0.9999999 -1 0 0.04896807 0.9002658 -4.85035e-7 0.04896807 -0.9002662 -4.85035e-7 0.2870156 -0.7000004 -4.85035e-7 -0.9999999 0.9999994 0 0.8470156 0.6999995 -4.85035e-7 0.9999999 0.9999994 0 0.8470156 -0.7000004 -4.85035e-7 0.3078329 0.323978 -4.85035e-7 -0.7831597 0.4166666 -4.85035e-7 -0.7831597 -0.6250001 -4.85035e-7 0.3078329 -0.4859678 -4.85035e-7 0.01684033 0.4166666 -4.85035e-7 0.8261983 0.323978 -4.85035e-7 0.01684033 -0.6250001 -4.85035e-7 0.8261983 -0.4859678 -4.85035e-7 0.01684033 -0.8333334 -4.85035e-7 0.8261983 -0.6479569 -4.85035e-7 -0.216493 -0.8333334 -4.85035e-7 0.6750083 -0.6479569 -4.85035e-7 0.3078329 -0.6479569 -4.85035e-7 -0.7831597 -0.8333334 -4.85035e-7 0.4050264 -0.6479569 -4.85035e-7 -0.6331597 -0.8333334 -4.85035e-7 -0.216493 0.8333332 -4.85035e-7 0.6750083 0.6479562 -4.85035e-7 0.8261983 0.6479562 -4.85035e-7 0.01684033 0.8333332 -4.85035e-7 -0.6331597 0.8333332 -4.85035e-7 0.4050264 0.6479562 -4.85035e-7 -0.7831597 0.8333332 -4.85035e-7 0.3078329 0.6479562 -4.85035e-7 0.8470156 0.323978 -4.85035e-7 0.8470156 -0.4859678 -4.85035e-7 0.2870156 -0.4859678 -4.85035e-7 0.2870156 0.323978 -4.85035e-7 0.6750083 -0.7000004 -4.85035e-7 0.04896807 0.4166666 -4.85035e-7 0.4050264 -0.7000004 -4.85035e-7 0.04896807 -0.6250001 -4.85035e-7 -0.8152874 -0.6250001 -4.85035e-7 0.4050264 0.6999995 -4.85035e-7 0.6750083 0.6999995 -4.85035e-7 -0.8152874 0.4166666 -4.85035e-7 -0.216493 -0.9002662 -4.85035e-7 0.8261982 -0.6479569 -4.85035e-7 -0.6331597 -0.9002662 -4.85035e-7 0.8261983 -0.647957 -4.85035e-7 -0.6331597 0.9002658 -4.85035e-7 0.2870156 -0.7000004 0 0.3078329 -0.6479569 0 -0.216493 0.9002658 -4.85035e-7 0.8261983 -0.6479569 0 0.01684027 -0.8333334 -4.85035e-7 0.8470156 0.6999995 0 0.01684033 -0.8333335 -4.85035e-7 0.8470156 -0.7000004 0 0.8261983 0.6479562 0 0.2870156 0.6999995 0 0.3078329 0.6479562 0 0.04896807 -0.9002662 0 0.01684033 -0.8333334 0 0.04896807 0.9002658 0 0.01684033 0.8333332 0 -0.8152874 -0.9002662 0 -0.7831597 -0.8333334 0 -0.8152874 0.9002658 0 -0.7831597 0.8333332 0 0.9833334 -4.041666 0.01250004 0.9833334 1.333333 0.01249992 0.9833334 -4.041666 -0.01249992 0.9833334 1.333333 -0.01249998 1.016667 -4.041666 0.01250004 1.016667 1.333333 0.01249992 1.016667 -4.041666 -0.01249992 1.016667 1.333333 -0.01249998 -1.016667 -4.041666 0.01250004 -1.016667 1.333333 0.01249992 -1.016667 -4.041666 -0.01249992 -1.016667 1.333333 -0.01249998 -0.9833334 -4.041666 0.01250004 -0.9833334 1.333333 0.01249992 -0.9833334 -4.041666 -0.01249992 -0.9833334 1.333333 -0.01249998 0.2870156 0.6999998 -5.03394e-7 0.2870156 -0.7000002 -4.85035e-7 0.8470157 0.6999997 -4.85035e-7 0.8470157 -0.7000003 -4.66676e-7 0.8470157 0.6999997 0.009999513 0.2870156 0.6999998 0.009999454 0.2870156 -0.7000002 0.009999513 0.8470157 -0.7000003 0.009999513 0.3078329 0.3239783 -4.9778e-7 0.3078329 -0.4859676 -4.87159e-7 0.8261983 0.3239783 -4.80787e-7 0.8261983 -0.4859676 -4.70165e-7 0.8261983 -0.6479567 -4.68041e-7 0.6750084 -0.6479567 -4.72998e-7 0.3078329 -0.6479567 -4.85035e-7 0.4050264 -0.6479567 -4.81849e-7 0.6750084 0.6479565 -4.89992e-7 0.8261983 0.6479565 -4.85035e-7 0.4050264 0.6479565 -4.98843e-7 0.3078329 0.6479565 -5.02029e-7 0.3078329 0.6479565 0.009999454 0.3078329 -0.6479567 0.009999513 0.8261983 -0.6479567 0.009999513 0.8261983 0.6479565 0.009999513 0.8470157 0.3239783 -4.80104e-7 0.8470157 -0.4859676 -4.69483e-7 0.2870156 -0.4859676 -4.87842e-7 0.2870156 0.3239783 -4.98463e-7 0.6750084 -0.7000002 -4.72315e-7 0.4050264 -0.7000002 -4.81166e-7 0.4050264 0.6999998 -4.99525e-7 0.6750084 0.6999998 -4.90674e-7 0.8261983 -0.6479567 -4.68041e-7 0.8261983 -0.6479569 -4.68041e-7 -0.8152874 0.9002657 -5.11007e-7 -0.8152874 -0.9002663 -4.87396e-7 0.04896801 0.9002658 -4.82674e-7 0.04896807 -0.9002662 -4.59063e-7 0.04896801 0.9002658 0.009999513 -0.8152874 0.9002657 0.009999454 -0.8152874 -0.9002663 0.009999454 0.04896807 -0.9002662 0.009999513 -0.7831597 0.4166666 -5.03612e-7 -0.7831597 -0.6250002 -4.89953e-7 0.01684033 0.4166668 -4.77386e-7 0.01684039 -0.6250001 -4.63726e-7 0.01684039 -0.8333333 -4.60994e-7 -0.216493 -0.8333333 -4.68643e-7 -0.7831597 -0.8333334 -4.87221e-7 -0.6331596 -0.8333334 -4.82303e-7 -0.216493 0.8333333 -4.90499e-7 0.01684033 0.8333333 -4.8285e-7 -0.6331598 0.8333331 -5.04159e-7 -0.7831597 0.8333331 -5.09076e-7 -0.7831597 0.8333331 0.009999454 -0.7831597 -0.8333334 0.009999513 0.01684039 -0.8333333 0.009999513 0.01684033 0.8333333 0.009999513 0.04896807 0.4166668 -4.76332e-7 0.04896807 -0.6250001 -4.62673e-7 -0.8152874 -0.6250002 -4.91006e-7 -0.8152874 0.4166666 -5.04666e-7 -0.216493 -0.9002662 -4.67766e-7 -0.6331596 -0.9002663 -4.81425e-7 -0.6331598 0.9002657 -5.05037e-7 -0.216493 0.9002658 -4.91377e-7 0.01684033 -0.8333333 -4.60994e-7 0.01684039 -0.8333334 -4.60994e-7</float_array>
          <technique_common>
            <accessor source="#Plane_004-mesh-positions-array" count="156" stride="3">
              <param name="X" type="float"/>
              <param name="Y" type="float"/>
              <param name="Z" type="float"/>
            </accessor>
          </technique_common>
        </source>
        <source id="Plane_004-mesh-normals">
          <float_array id="Plane_004-mesh-normals-array" count="411">0 0 1 0 0 1 1 0 0 0 0 1 -1 0 0 0 0.993588 0.1130625 0 -1 0 0 -0.9993044 0.03729283 0 1 0 0 -0.9893013 0.145887 0 -0.9849379 -0.172909 0 0.9893013 -0.145887 0 0 -1 0 0 1 0 0 -1 0 0 -1 0 0 -1 0 0 -1 0 0 -1 0 0 -1 0 0 -1 0 0 -1 0 0 -1 0 0 1 0 0 1 1 0 0 0 -1 2.20773e-5 3.46524e-7 1 0 1 0 0 0 1 -5.74929e-6 0 0 -1 0 0 -1 0 0 -1 0 0 -1 0 0 -1 0 0 -1 0 0 -1 0 0 -1 0 0 1 0 0 1 1 0 7.87543e-7 2.86102e-7 -1 0 -1 0 0 1 0 -1.49012e-6 -1.49012e-7 1 0 0 0 1 0 0 1 0 -0.9982484 0.05916291 0 -0.9750673 -0.2219099 0 0.9982484 -0.05916291 0 0 1 0 0 1 0 -0.990042 -0.1407727 0 -0.988407 0.1518282 0 -0.9591545 0.2828829 0 0.9884069 0.1518282 -1 0 0 1 0 0 0 0 -1 0 0 -1 0 0 -1 0 0 -1 0 0 -1 0 0 -1 0 0 -1 0 0 -1 0 0 -1 0 0 -1 0 0 -1 0 0 -1 0 0 -1 0 0 -1 0 0 -1 0 0 -1 0 0 -1 0 0 1 -1.27822e-7 0 1 0 0 1 0 0 1 0 0 1 0 0 1 1 -3.89332e-7 0 -1 0 0 -3.46524e-7 -1 0 -2.12874e-7 -1 -1.06437e-5 -5.05078e-7 -1 0 5.05078e-7 1 0 2.12874e-7 1 5.32184e-6 0 1 0 -1 1.32852e-7 0 1 0 0 1 0 0 0 1 9.85591e-6 0 1 -5.51932e-6 0 -1 -5.74929e-6 0 0 -1 0 0 -1 0 0 -1 0 0 -1 0 0 -1 0 0 -1 0 0 -1 0 0 -1 0 0 -1 0 0 -1 0 0 -1 -9.53674e-7 0 -1 0 0 -1 0 0 -1 0 0 -1 0 0 -1 0 0 -1 0 0 1 0 0 1 -1.39143e-7 0 1 0 0 1 0 0 1 0 0 1 1 0 0 1 0 1.37933e-6 1 0 0 -1 -6.76671e-7 0 -1 0 0 -1 -1.72743e-7 0 1.37933e-7 -1 0 -1.37933e-7 1 6.89665e-6 -2.86102e-7 1 -2.86102e-5 -1 0 -1.49012e-6 -1 0 0 -1 0 -5.96046e-7 1 -2.65833e-7 0 1 3.57628e-7 1.19209e-6 1 -4.47035e-7 0 0 1 1.27724e-5 -2.86102e-7 1 -7.15256e-6 1.49012e-7 -1 0 2.86102e-7 -1 1.43051e-5</float_array>
          <technique_common>
            <accessor source="#Plane_004-mesh-normals-array" count="137" stride="3">
              <param name="X" type="float"/>
              <param name="Y" type="float"/>
              <param name="Z" type="float"/>
            </accessor>
          </technique_common>
        </source>
        <source id="Plane_004-mesh-map-0">
          <float_array id="Plane_004-mesh-map-0-array" count="1764">0.6435078 0.15 0.6435078 0.8500001 0.524484 0.04986703 0 1 0.09235626 0.04986703 0.09235626 0.9501332 1 0 0.9235079 0.85 0.9235079 0.15 0.03717374 0.9628262 0.2685868 1 0 1 0 0 0.03717374 0.03717374 0 0.2107335 0.03717374 0.2107335 0 0.6928442 0 0.2107335 0.8471196 0.9628261 0.2685868 1 0.2685868 0.9628261 1 1 0.9628261 0.9628261 0.9628261 0.9628261 0.9628261 0.9628261 0.9628261 0.9628261 0.9628261 0.9628261 0.9628261 0.03717374 0.8471196 0 1 0 1 0.6928442 0.962826 0.2107335 1 0.2107335 0.8471196 0.03717374 0.2685868 0 0.8471196 0 0 1 1 1 0 1 0.8471196 0 0.8471196 0 1 0 1 0.6928442 1 0.6928442 1 1 0 0 0 0 0 0 0 1 0 1 0 1 1 0 1 0 1 0 1 1 1 1 1 1 0 0 0 0 0 0 0.03717374 0.9628262 0.2685868 1 0 1 0 0 0.03717374 0.03717374 0 0.2107335 0.03717374 0.2107335 0 0.6928442 0 0.2107335 0.8471196 0.9628261 0.2685868 1 0.2685868 0.9628261 1 1 0.9628261 0.9628261 0.9628261 0.9628261 0.9628261 0.9628261 0.9628261 0.9628261 0.9628261 0.9628261 1 0.2107335 0.962826 0.2107335 0.9628261 0.03717374 1 0.6928442 0.962826 0.2107335 1 0.2107335 0.8471196 0.03717374 0.2685868 0 0.8471196 0 1 1 1 1 0 1 0.8471196 0 0.8471196 0 1 0 1 0.6928442 1 0.6928442 1 1 0 0 0 0 0 0 0 1 0 1 0 1 1 0 1 0 1 0 1 1 1 1 1 1 0 0 0 0 0 0 0.625 0 0.375 0.25 0.375 0 0.625 0.25 0.375 0.5 0.375 0.25 0.625 0.5 0.375 0.75 0.375 0.5 0.625 0.75 0.375 1 0.375 0.75 0.375 0.5 0.125 0.75 0.125 0.5 0.875 0.5 0.625 0.75 0.625 0.5 0.625 0 0.375 0.25 0.375 0 0.625 0.25 0.375 0.5 0.375 0.25 0.625 0.5 0.375 0.75 0.375 0.5 0.625 0.75 0.375 1 0.375 0.75 0.375 0.5 0.125 0.75 0.125 0.5 0.875 0.5 0.625 0.75 0.625 0.5 0.03717374 0.9628262 0 0.6928442 0 1 0.03717374 0.03717374 0.2685868 0 0 0 0.03717374 0.6928442 0 0.2107335 0 0.6928442 0.8471196 0.9628261 0.2685868 1 0.8471196 1 0.9628261 0.9628261 0.8471196 1 1 1 0.9628261 0.9628261 0.9628261 0.9628261 0.9628261 0.9628261 0.9628261 0.03717374 1 0.2107335 1 0 0.962826 0.2107335 1 0.6928442 1 0.2107335 0.8471196 0.03717374 0.2685868 0 0.2685868 0.03717374 1 0 1 1 0.962826 0.03717374 0 0 0.03717374 0.9628262 0 1 1 1 0.8471196 1 0.2685868 1 0.2685868 0 0.8471196 0 1 0 1 0.2107335 1 0.6928442 1 0 0 1 0 1 0 0.6928442 0.875 1 1 1 1 1 0.25 0 0 0 1 0 1 0 1 1 1 0.7083334 0 0.7083333 0 1 0 1 0.03717374 0.9628262 0 0.6928442 0 1 0.03717374 0.03717374 0.2685868 0 0 0 0.03717374 0.6928442 0 0.2107335 0 0.6928442 0.8471196 0.9628261 0.2685868 1 0.8471196 1 0.9628261 0.9628261 0.8471196 1 1 1 0.9628261 0.9628261 0.9628261 0.9628261 0.9628261 0.9628261 0.9628261 0.03717374 1 0.2107335 1 0 0.962826 0.2107335 1 0.6928442 1 0.2107335 0.8471196 0.03717374 0.2685868 0 0.2685868 0.03717374 1 0 1 1 0.962826 0.03717374 0 0 0.03717374 0.9628262 0 1 1 1 0.8471196 1 0.2685868 1 0.2685868 0 0.8471196 0 1 0 1 0.2107335 1 0.6928442 1 0 0 1 0 1 0 0.6928442 0.875 1 1 1 1 1 1 0 0.25 0 0 0 1 0 1 1 1 0.7083334 0 0.7083333 0 1 0 1 0.524484 0.04986703 0.09235626 0.04986703 0 0 1 0 0.9235079 0.15 0.6435078 0.15 0.6435078 0.8500001 0.9235079 0.85 1 1 1 1 0 1 0.524484 0.9501332 0 1 0.09235626 0.9501332 0.524484 0.9501332 0.6435078 0.8500001 1 1 0.524484 0.9501332 0.524484 0.04986703 0 0 1 0 0.6435078 0.8500001 0.524484 0.9501332 0.524484 0.04986703 0.524484 0.04986703 1 0 0.6435078 0.15 0 1 0 0 0.09235626 0.04986703 1 0 1 1 0.9235079 0.85 0.03717374 0.9628262 0.2685868 0.9628261 0.2685868 1 0 1 0 0.6928442 0.03717374 0.9628262 0 0.6928442 0.03717374 0.6928442 0.03717374 0.9628262 0 0 0.2685868 0 0.03717374 0.03717374 0.2685868 0 0.2685868 0.03717374 0.03717374 0.03717374 0.03717374 0.03717374 0.03717374 0.2107335 0 0.2107335 0.03717374 0.2107335 0.03717374 0.6928442 0 0.6928442 0.8471196 0.9628261 0.8471196 1 0.2685868 1 0.9628261 0.9628261 0.9628261 0.9628261 0.9628261 0.6928442 0.9628261 0.6928442 1 0.6928442 0.9628261 0.9628261 1 0.6928442 1 1 0.9628261 0.9628261 1 1 0.8471196 1 0.9628261 0.9628261 0.8471196 1 0.8471196 0.9628261 0.9628261 0.9628261 0.9628261 0.03717374 0.8471196 0.03717374 0.8471196 0 1 0 1 0.2107335 0.9628261 0.03717374 1 0.2107335 0.962826 0.2107335 0.9628261 0.03717374 1 0.6928442 0.9628261 0.6928442 0.962826 0.2107335 0.8471196 0.03717374 0.2685868 0.03717374 0.2685868 0 1 1 1 1 0 1 0 1 0 1 0 1 0 1 0 1 0 1 1 0 1 0 0.8471196 0 1 0 0.8471196 0 0.8471196 0 0.8471196 0 0.8471196 0 1 0 1 0.6928442 1 0.6928442 1 1 1 1 1 1 1 0.6928442 1 1 1 0.6928442 1 0.6928442 0 0 0 0 0 0 0 0 0 0 0 0 0 0 0 0 0 0 0 1 0 1 0 1 0 1 0 1 0 1 0 1 0 1 0 1 1 0 1 0 1 0 1 0 1 0 1 0 1 0 1 0 1 0 1 1 1 1 1 1 1 1 1 1 1 1 1 1 1 1 1 1 1 1 1 1 1 1 0 0 0 0 0 0 0 0 0 0 0 0 0 0 0 0 0 0 0.03717374 0.9628262 0.2685868 0.9628261 0.2685868 1 0 1 0 0.6928442 0.03717374 0.9628262 0 0.6928442 0.03717374 0.6928442 0.03717374 0.9628262 0 0 0.2685868 0 0.03717374 0.03717374 0.2685868 0 0.2685868 0.03717374 0.03717374 0.03717374 0.03717374 0.03717374 0.03717374 0.2107335 0 0.2107335 0.03717374 0.2107335 0.03717374 0.6928442 0 0.6928442 0.8471196 0.9628261 0.8471196 1 0.2685868 1 0.9628261 0.9628261 0.9628261 0.6928442 1 0.6928442 1 1 0.8471196 1 0.9628261 0.9628261 0.8471196 1 0.8471196 0.9628261 0.9628261 0.9628261 0.9628261 0.9628261 1 0.6928442 0.9628261 0.9628261 1 0.6928442 1 1 0.9628261 0.9628261 0.8471196 0.03717374 0.8471196 0 0.9628261 0.03717374 0.8471196 0 1 0 0.9628261 0.03717374 1 0 1 0.2107335 0.9628261 0.03717374 1 0.6928442 0.9628261 0.6928442 0.962826 0.2107335 0.8471196 0.03717374 0.2685868 0.03717374 0.2685868 0 0 1 0 1 1 1 1 1 1 1 0 1 0 1 1 1 0 1 1 0 1 0 0.8471196 0 1 0 0.8471196 0 0.8471196 0 0.8471196 0 0.8471196 0 1 0 1 1 1 0.6928442 1 0.6928442 1 0.6928442 1 0.6928442 1 1 1 1 1 0.6928442 1 1 0 0 0 0 0 0 0 0 0 0 0 0 0 0 0 0 0 0 0 1 0 1 0 1 0 1 0 1 0 1 0 1 0 1 0 1 1 0 1 0 1 0 1 0 1 0 1 0 1 0 1 0 1 0 1 1 1 1 1 1 1 1 1 1 1 1 1 1 1 1 1 1 1 1 1 1 1 1 0 0 0 0 0 0 0 0 0 0 0 0 0 0 0 0 0 0 0.625 0 0.625 0.25 0.375 0.25 0.625 0.25 0.625 0.5 0.375 0.5 0.625 0.5 0.625 0.75 0.375 0.75 0.625 0.75 0.625 1 0.375 1 0.375 0.5 0.375 0.75 0.125 0.75 0.875 0.5 0.875 0.75 0.625 0.75 0.625 0 0.625 0.25 0.375 0.25 0.625 0.25 0.625 0.5 0.375 0.5 0.625 0.5 0.625 0.75 0.375 0.75 0.625 0.75 0.625 1 0.375 1 0.375 0.5 0.375 0.75 0.125 0.75 0.875 0.5 0.875 0.75 0.625 0.75 0.2685868 1 0.2685868 0.9628261 0.03717374 0.9628262 0.03717374 0.9628262 0.03717374 0.6928442 0 0.6928442 0 1 0.2685868 1 0.03717374 0.9628262 0 0 0 0.2107335 0.03717374 0.03717374 0 0.2107335 0.03717374 0.2107335 0.03717374 0.03717374 0.03717374 0.03717374 0.2685868 0.03717374 0.2685868 0 0.03717374 0.6928442 0.03717374 0.2107335 0 0.2107335 0.8471196 0.9628261 0.2685868 0.9628261 0.2685868 1 0.9628261 0.9628261 0.8471196 0.9628261 0.8471196 1 1 1 1 0.6928442 0.9628261 0.9628261 1 0.6928442 0.9628261 0.6928442 0.9628261 0.9628261 0.9628261 0.6928442 0.9628261 0.9628261 0.9628261 0.9628261 0.9628261 0.9628261 0.9628261 0.9628261 1 1 0.8471196 0 0.8471196 0.03717374 0.9628261 0.03717374 0.9628261 0.03717374 0.962826 0.2107335 1 0.2107335 1 0 0.8471196 0 0.9628261 0.03717374 0.962826 0.2107335 0.9628261 0.6928442 1 0.6928442 0.8471196 0.03717374 0.8471196 0 0.2685868 0 0.962826 0.03717374 0.03717374 0.03717374 0 0 1 1 0 1 0.9628261 0.9628261 0 1 0.03717374 0.9628262 0.9628261 0.9628261 0.962826 0.03717374 0 0 1 0 1 1 0.9628261 0.9628261 0.962826 0.03717374 0 0 0.03717374 0.03717374 0.03717374 0.9628262 0 1 0 1 0.2685868 1 0 1 1 1 0.2685868 1 1 1 1 1 0.8471196 1 0.8471196 0 1 0 1 0 1 0 0 0 0.2685868 0 0 0 0 0 0.2685868 0 1 0.6928442 1 1 1 1 1 1 1 0 1 0.6928442 1 0 1 0 1 0.2107335 0 0 0 0 0 0.2107335 0 0 0 1 0 0.6928442 0 0.2107335 0 0 0 0.6928442 1 1 0 1 0.25 1 0 1 0 1 0.25 1 0.25 1 0.875 1 1 1 1 0 1 0 0.875 0 0.25 0 0 0 0 0 1 0 0.875 0 0.25 0 1 1 1 1 1 1 1 1 1 0.7083334 1 1 1 0.7083334 1 0.1875 1 0 1 0.1875 1 0 1 0 0 1 0 0 0 0.7083333 0 0 0 0 0 0.1875 0 0 0 0.1875 0 0.7083333 0.2685868 1 0.2685868 0.9628261 0.03717374 0.9628262 0.03717374 0.9628262 0.03717374 0.6928442 0 0.6928442 0 1 0.2685868 1 0.03717374 0.9628262 0 0 0 0.2107335 0.03717374 0.03717374 0 0.2107335 0.03717374 0.2107335 0.03717374 0.03717374 0.03717374 0.03717374 0.2685868 0.03717374 0.2685868 0 0.03717374 0.6928442 0.03717374 0.2107335 0 0.2107335 0.8471196 0.9628261 0.2685868 0.9628261 0.2685868 1 0.9628261 0.9628261 0.8471196 0.9628261 0.8471196 1 1 1 1 0.6928442 0.9628261 0.9628261 1 0.6928442 0.9628261 0.6928442 0.9628261 0.9628261 0.9628261 0.6928442 0.9628261 0.9628261 0.9628261 0.9628261 0.9628261 0.9628261 0.9628261 0.9628261 1 1 0.8471196 0 0.8471196 0.03717374 0.9628261 0.03717374 0.9628261 0.03717374 0.962826 0.2107335 1 0.2107335 1 0 0.8471196 0 0.9628261 0.03717374 0.962826 0.2107335 0.9628261 0.6928442 1 0.6928442 0.8471196 0.03717374 0.8471196 0 0.2685868 0 0.962826 0.03717374 0.03717374 0.03717374 0 0 1 1 0 1 0.9628261 0.9628261 0 1 0.03717374 0.9628262 0.9628261 0.9628261 0.962826 0.03717374 0 0 1 0 1 1 0.9628261 0.9628261 0.962826 0.03717374 0 0 0.03717374 0.03717374 0.03717374 0.9628262 0 1 0 1 0.2685868 1 0 1 1 1 0.2685868 1 1 1 1 1 0.8471196 1 0.8471196 0 1 0 1 0 1 0 0 0 0.2685868 0 0 0 0 0 0.2685868 0 1 0.6928442 1 1 1 1 1 1 1 0 1 0.6928442 1 0 1 0 1 0.2107335 0 0 0 0 0 0.2107335 0 0 0 1 0 0.6928442 0 0.2107335 0 0 0 0.6928442 1 1 0 1 0.25 1 0 1 0 1 0.25 1 0.25 1 0.875 1 1 1 1 0 1 0 0.875 0 0.875 0 0.25 0 1 0 0.25 0 0 0 0 0 1 1 1 1 1 1 1 1 1 0.7083334 1 1 1 0.7083334 1 0.1875 1 0 1 0.1875 1 0 1 0 0 1 0 0 0 0.7083333 0 0 0 0 0 0.1875 0 0.1875 0 0.7083333 0 0</float_array>
          <technique_common>
            <accessor source="#Plane_004-mesh-map-0-array" count="882" stride="2">
              <param name="S" type="float"/>
              <param name="T" type="float"/>
            </accessor>
          </technique_common>
        </source>
        <vertices id="Plane_004-mesh-vertices">
          <input semantic="POSITION" source="#Plane_004-mesh-positions"/>
        </vertices>
        <triangles material="kraft-material" count="134">
          <input semantic="VERTEX" source="#Plane_004-mesh-vertices" offset="0"/>
          <input semantic="NORMAL" source="#Plane_004-mesh-normals" offset="1"/>
          <input semantic="TEXCOORD" source="#Plane_004-mesh-map-0" offset="2" set="1"/>
          <p>53 0 0 62 0 1 64 0 2 8 0 3 68 0 4 70 0 5 4 0 6 58 0 7 60 0 8 30 1 9 36 1 10 9 1 11 2 0 12 35 0 13 45 0 14 33 0 15 46 0 16 45 0 17 19 0 18 36 0 19 17 0 20 11 2 21 21 2 22 51 2 23 49 0 24 51 0 25 21 0 26 24 3 27 38 3 28 7 3 29 40 0 30 26 0 31 42 0 32 15 0 33 39 0 34 38 0 35 36 4 36 37 4 37 60 4 38 38 2 39 39 2 40 62 2 41 40 5 42 42 5 43 53 5 44 45 6 45 46 6 46 58 6 47 19 2 48 17 2 49 61 2 50 12 4 51 15 4 52 54 4 53 23 7 54 49 7 55 56 7 56 29 8 57 33 8 58 63 8 59 31 0 60 41 0 61 5 0 62 1 0 63 34 0 64 52 0 65 32 0 66 55 0 67 52 0 68 18 0 69 41 0 70 16 0 71 6 4 72 20 4 73 59 4 74 57 0 75 59 0 76 20 0 77 50 0 78 27 0 79 25 0 80 48 0 81 27 0 82 50 0 83 14 0 84 47 0 85 44 0 86 41 4 87 43 4 88 64 4 89 44 2 90 47 2 91 70 2 92 48 8 93 50 8 94 68 8 95 52 9 96 55 9 97 66 9 98 18 2 99 16 2 100 67 2 101 13 4 102 14 4 103 69 4 104 22 10 105 57 10 106 65 10 107 28 11 108 32 11 109 71 11 110 64 0 261 68 0 262 0 0 263 4 0 264 60 0 265 53 0 266 62 0 267 58 0 268 10 0 269 10 0 270 8 0 271 66 0 272 8 0 273 70 0 274 66 0 275 62 0 276 10 0 277 66 0 278 64 0 279 0 0 280 4 0 281 62 0 282 66 0 283 64 0 284 64 0 285 4 0 286 53 0 287 8 0 288 0 0 289 68 0 290 4 0 291 10 0 292 58 0 293 30 0 294 17 0 295 36 0 296 9 0 297 46 0 298 30 0 299 46 0 300 29 0 301 30 0 302 2 45 303 39 45 304 35 45 305 39 0 306 12 0 307 35 0 308 35 0 309 33 0 310 45 0 311 33 0 312 29 0 313 46 0 314 19 0 315 37 0 316 36 0 317 51 0 318 49 0 319 23 0 320 23 0 321 40 0 322 51 0 323 40 0 324 11 0 325 51 0 326 11 46 327 37 46 328 21 46 329 37 0 330 19 0 331 21 0 332 24 0 333 15 0 334 38 0 335 7 0 336 42 0 337 24 0 338 42 0 339 26 0 340 24 0 341 40 0 342 23 0 343 26 0 344 15 0 345 12 0 346 39 0 347 37 4 348 11 4 349 60 4 350 60 4 351 58 4 352 36 4 353 58 4 354 9 4 355 36 4 356 62 2 357 53 2 358 38 2 359 53 2 360 7 2 361 38 2 362 39 2 363 2 2 364 62 2 365 42 8 366 7 8 367 53 8 368 53 8 369 60 8 370 40 8 371 60 8 372 11 8 373 40 8 374 58 6 375 62 6 376 45 6 377 62 6 378 2 6 379 45 6 380 46 6 381 9 6 382 58 6 383 61 2 384 56 2 385 19 2 386 56 2 387 21 2 388 19 2 389 17 2 390 30 2 391 61 2 392 15 4 393 24 4 394 54 4 395 54 4 396 63 4 397 12 4 398 63 4 399 35 4 400 12 4 401 56 47 402 54 47 403 26 47 404 54 6 405 24 6 406 26 6 407 49 6 408 21 6 409 56 6 410 56 48 411 26 48 412 23 48 413 33 8 414 35 8 415 63 8 416 63 49 417 61 49 418 29 49 419 61 8 420 30 8 421 29 8 422 31 0 423 16 0 424 41 0 425 5 0 426 55 0 427 31 0 428 55 0 429 28 0 430 31 0 431 1 0 432 47 0 433 34 0 434 47 0 435 13 0 436 34 0 437 34 0 438 32 0 439 52 0 440 32 0 441 28 0 442 55 0 443 18 0 444 43 0 445 41 0 446 57 0 447 22 0 448 48 0 449 6 50 450 43 50 451 20 50 452 43 0 453 18 0 454 20 0 455 57 0 456 48 0 457 59 0 458 48 0 459 6 0 460 59 0 461 14 0 462 44 0 463 25 0 464 44 51 465 3 51 466 25 51 467 3 0 468 50 0 469 25 0 470 48 0 471 22 0 472 27 0 473 14 0 474 13 0 475 47 0 476 66 4 477 5 4 478 41 4 479 43 4 480 6 4 481 64 4 482 66 4 483 41 4 484 64 4 485 70 2 486 68 2 487 44 2 488 68 2 489 3 2 490 44 2 491 47 2 492 1 2 493 70 2 494 64 8 495 6 8 496 48 8 497 50 8 498 3 8 499 68 8 500 64 8 501 48 8 502 68 8 503 66 52 504 70 52 505 52 52 506 70 6 507 1 6 508 52 6 509 55 6 510 5 6 511 66 6 512 67 2 513 65 2 514 18 2 515 65 2 516 20 2 517 18 2 518 16 2 519 31 2 520 67 2 521 71 4 522 34 4 523 13 4 524 14 4 525 25 4 526 69 4 527 71 4 528 13 4 529 69 4 530 65 53 531 69 53 532 27 53 533 69 6 534 25 6 535 27 6 536 57 6 537 20 6 538 65 6 539 65 54 540 27 54 541 22 54 542 67 8 543 31 8 544 28 8 545 32 8 546 34 8 547 71 8 548 67 55 549 28 55 550 71 55 551</p>
        </triangles>
        <triangles material="marrom-material" count="24">
          <input semantic="VERTEX" source="#Plane_004-mesh-vertices" offset="0"/>
          <input semantic="NORMAL" source="#Plane_004-mesh-normals" offset="1"/>
          <input semantic="TEXCOORD" source="#Plane_004-mesh-map-0" offset="2" set="1"/>
          <p>73 4 111 74 4 112 72 4 113 75 12 114 78 12 115 74 12 116 79 2 117 76 2 118 78 2 119 77 13 120 72 13 121 76 13 122 78 6 123 72 6 124 74 6 125 75 8 126 77 8 127 79 8 128 81 4 129 82 4 130 80 4 131 83 12 132 86 12 133 82 12 134 87 2 135 84 2 136 86 2 137 85 13 138 80 13 139 84 13 140 86 6 141 80 6 142 82 6 143 83 8 144 85 8 145 87 8 146 73 56 552 75 56 553 74 56 554 75 12 555 79 12 556 78 12 557 79 57 558 77 57 559 76 57 560 77 13 561 73 13 562 72 13 563 78 6 564 76 6 565 72 6 566 75 8 567 73 8 568 77 8 569 81 56 570 83 56 571 82 56 572 83 12 573 87 12 574 86 12 575 87 57 576 85 57 577 84 57 578 85 13 579 81 13 580 80 13 581 86 6 582 84 6 583 80 6 584 83 8 585 81 8 586 85 8 587</p>
        </triangles>
        <triangles material="red-material" count="68">
          <input semantic="VERTEX" source="#Plane_004-mesh-vertices" offset="0"/>
          <input semantic="NORMAL" source="#Plane_004-mesh-normals" offset="1"/>
          <input semantic="TEXCOORD" source="#Plane_004-mesh-map-0" offset="2" set="1"/>
          <p>105 14 147 119 14 148 90 14 149 107 15 150 115 15 151 88 15 152 104 16 153 118 16 154 119 16 155 99 17 156 112 17 157 113 17 158 100 18 159 113 18 160 91 18 161 100 19 162 121 19 163 120 19 164 102 20 165 117 20 166 89 20 167 103 21 168 116 21 169 117 21 170 97 22 171 115 22 172 96 22 173 94 23 174 95 23 175 109 23 176 93 24 177 111 24 178 92 24 179 95 25 180 113 25 181 112 25 182 115 4 183 114 4 184 94 4 185 117 26 186 116 26 187 94 26 188 92 27 189 90 27 190 119 27 191 99 4 192 100 4 193 110 4 194 96 28 195 108 28 196 109 28 197 109 29 198 110 29 199 101 29 200 104 6 201 105 6 202 111 6 203 112 58 588 98 58 589 105 58 590 105 59 591 104 59 592 119 59 593 90 60 594 112 60 595 105 60 596 88 61 597 118 61 598 107 61 599 118 62 600 106 62 601 107 62 602 107 63 603 96 63 604 115 63 605 104 64 606 106 64 607 118 64 608 99 65 609 98 65 610 112 65 611 100 66 612 99 66 613 113 66 614 91 67 615 116 67 616 121 67 617 116 68 618 101 68 619 121 68 620 101 69 621 120 69 622 121 69 623 121 19 624 100 19 625 91 19 626 114 70 627 97 70 628 102 70 629 102 71 630 103 71 631 117 71 632 89 72 633 114 72 634 102 72 635 103 73 636 101 73 637 116 73 638 97 74 639 114 74 640 115 74 641 109 75 642 108 75 643 93 75 644 95 76 645 92 76 646 110 76 647 92 77 648 111 77 649 110 77 650 109 78 651 93 78 652 94 78 653 95 79 654 110 79 655 109 79 656 93 80 657 108 80 658 111 80 659 90 2 660 92 2 661 112 2 662 92 2 663 95 2 664 112 2 665 95 81 666 91 81 667 113 81 668 114 4 669 89 4 670 94 4 671 94 4 672 93 4 673 115 4 674 93 82 675 88 82 676 115 82 677 116 83 678 91 83 679 95 83 680 95 84 681 94 84 682 116 84 683 94 85 684 89 85 685 117 85 686 88 86 687 93 86 688 118 86 689 93 87 690 92 87 691 119 87 692 118 88 693 93 88 694 119 88 695 110 4 696 111 4 697 98 4 698 111 89 699 105 89 700 98 89 701 98 4 702 99 4 703 110 4 704 109 90 705 102 90 706 97 90 707 96 2 708 107 2 709 108 2 710 109 91 711 97 91 712 96 91 713 110 0 714 100 0 715 120 0 716 120 92 717 101 92 718 110 92 719 101 93 720 103 93 721 109 93 722 103 8 723 102 8 724 109 8 725 111 94 726 108 94 727 104 94 728 108 6 729 107 6 730 106 6 731 108 6 732 106 6 733 104 6 734</p>
        </triangles>
        <triangles material="blue-material" count="68">
          <input semantic="VERTEX" source="#Plane_004-mesh-vertices" offset="0"/>
          <input semantic="NORMAL" source="#Plane_004-mesh-normals" offset="1"/>
          <input semantic="TEXCOORD" source="#Plane_004-mesh-map-0" offset="2" set="1"/>
          <p>139 30 204 153 30 205 124 30 206 141 31 207 149 31 208 122 31 209 138 32 210 152 32 211 153 32 212 133 33 213 146 33 214 147 33 215 134 34 216 147 34 217 125 34 218 134 19 219 155 19 220 154 19 221 136 35 222 151 35 223 123 35 224 137 36 225 150 36 226 151 36 227 131 37 228 149 37 229 130 37 230 128 38 231 129 38 232 143 38 233 127 39 234 145 39 235 126 39 236 129 40 237 147 40 238 146 40 239 149 4 240 148 4 241 128 4 242 151 41 243 150 41 244 128 41 245 126 8 246 124 8 247 153 8 248 133 42 249 134 42 250 144 42 251 143 43 252 130 43 253 142 43 254 143 44 255 144 44 256 135 44 257 138 6 258 139 6 259 145 6 260 146 95 735 132 95 736 139 95 737 139 96 738 138 96 739 153 96 740 124 97 741 146 97 742 139 97 743 122 98 744 152 98 745 141 98 746 152 99 747 140 99 748 141 99 749 141 100 750 130 100 751 149 100 752 138 101 753 140 101 754 152 101 755 133 33 756 132 33 757 146 33 758 134 102 759 133 102 760 147 102 761 125 103 762 150 103 763 155 103 764 150 104 765 135 104 766 155 104 767 135 105 768 154 105 769 155 105 770 155 106 771 134 106 772 125 106 773 148 107 774 131 107 775 136 107 776 136 108 777 137 108 778 151 108 779 123 109 780 148 109 781 136 109 782 137 110 783 135 110 784 150 110 785 131 111 786 148 111 787 149 111 788 143 112 789 142 112 790 127 112 791 129 113 792 126 113 793 144 113 794 126 114 795 145 114 796 144 114 797 143 115 798 127 115 799 128 115 800 129 116 801 144 116 802 143 116 803 127 117 804 142 117 805 145 117 806 124 118 807 126 118 808 146 118 809 126 119 810 129 119 811 146 119 812 129 120 813 125 120 814 147 120 815 148 121 816 123 121 817 128 121 818 128 122 819 127 122 820 149 122 821 127 123 822 122 123 823 149 123 824 150 6 825 125 6 826 129 6 827 129 124 828 128 124 829 150 124 830 128 6 831 123 6 832 151 6 833 122 8 834 127 8 835 152 8 836 127 125 837 126 125 838 153 125 839 152 126 840 127 126 841 153 126 842 144 127 843 145 127 844 132 127 845 145 128 846 139 128 847 132 128 848 132 129 849 133 129 850 144 129 851 143 130 852 136 130 853 131 130 854 131 131 855 130 131 856 143 131 857 130 132 858 141 132 859 142 132 860 144 8 861 134 8 862 154 8 863 154 133 864 135 133 865 144 133 866 135 134 867 137 134 868 143 134 869 137 8 870 136 8 871 143 8 872 145 135 873 142 135 874 138 135 875 142 6 876 141 6 877 140 6 878 140 136 879 138 136 880 142 136 881</p>
        </triangles>
      </mesh>
    </geometry>
    <geometry id="Cube_001-mesh" name="Cube.001">
      <mesh>
        <source id="Cube_001-mesh-positions">
          <float_array id="Cube_001-mesh-positions-array" count="948">-1.25 -1.25 -1.25 -1.25 -1.25 1.25 -1.25 1.25 -1.25 -1.25 1.25 1.25 1.25 -1.25 -1.25 1.25 -1.25 1.25 1.25 1.25 -1.25 1.25 1.25 1.25 -1.25 -1.25 -1.19209e-7 -1.25 1.25 -1.19209e-7 1.25 1.25 -1.19209e-7 1.25 -1.25 -1.19209e-7 -1.25 0 -1.25 -1.25 0 1.25 1.25 0 -1.25 1.25 0 1.25 1.25 0 -1.19209e-7 -1.25 0 -1.19209e-7 -1.25 0.625 1.25 1.25 0.625 -1.25 -1.25 0.625 -1.19209e-7 -1.25 0.625 -1.25 1.25 0.625 1.25 1.25 0.625 -1.19209e-7 -1.25 -1.25 0.6249999 -1.25 1.25 0.6249999 1.25 1.25 0.6249999 1.25 -1.25 0.6249999 1.25 0 0.6249999 -1.25 0 0.6249999 1.25 0.625 0.6249999 -1.25 -0.625 -1.25 1.25 -0.625 1.25 1.25 -0.625 -1.19209e-7 -1.25 -0.625 1.25 1.25 -0.625 -1.25 -1.25 -0.625 -1.19209e-7 1.25 -0.625 0.6249999 -1.25 0.3125 -1.25 1.25 0.3125 1.25 1.25 0.3125 -1.19209e-7 -1.25 0.3125 1.25 1.25 0.3125 -1.25 -1.25 0.3125 -1.19209e-7 1.25 0.3125 0.6249999 -1.25 -0.3125 1.25 1.25 -0.3125 -1.25 -1.25 -0.3125 -1.19209e-7 -1.25 -0.3125 -1.25 1.25 -0.3125 1.25 1.25 -0.3125 -1.19209e-7 1.25 -0.3125 0.6249999 -1.25 -0.9375 -1.25 1.25 -0.9375 1.25 1.25 -0.9375 -1.19209e-7 1.25 -0.9375 0.6249999 -1.25 -0.9375 1.25 1.25 -0.9375 -1.25 -1.25 -0.9375 -1.19209e-7 -1.25 -0.9375 0.6249999 -1.25 0.9375 1.25 1.25 0.9375 -1.25 -1.25 0.9375 -1.19209e-7 -1.25 0.9375 -1.25 1.25 0.9375 1.25 1.25 0.9375 -1.19209e-7 1.25 0.9375 0.6249999 -1.25 0.9375 0.6249999 -1.25 1.25 0.3124999 1.25 1.25 0.3124999 1.25 -1.25 0.3124999 1.25 0 0.3124999 -1.25 0 0.3124999 1.25 0.625 0.3124999 -1.25 -1.25 0.3124999 1.25 -0.625 0.3124999 1.25 0.3125 0.3124999 1.25 -0.3125 0.3124999 -1.25 -0.9375 0.3124999 1.25 -0.9375 0.3124999 -1.25 0.9375 0.3124999 1.25 0.9375 0.3124999 -1.25 -1.25 0.9374999 -1.25 1.25 0.9374999 1.25 1.25 0.9374999 1.25 -1.25 0.9374999 1.25 0 0.9374999 -1.25 0 0.9374999 1.25 0.625 0.9374999 -1.25 0.625 0.9374999 -1.25 -0.625 0.9374999 1.25 -0.625 0.9374999 -1.25 0.3125 0.9374999 1.25 0.3125 0.9374999 1.25 -0.3125 0.9374999 -1.25 -0.3125 0.9374999 -1.25 -0.9375 0.9374999 1.25 -0.9375 0.9374999 1.25 0.9375 0.9374999 -1.25 0.9375 0.9374999 -1.226906 -1.226906 -1.226906 -1.226906 -1.226906 1.226906 -1.226906 1.226906 -1.226906 -1.226906 1.226906 1.226906 1.226906 -1.226906 -1.226906 1.226906 -1.226906 1.226906 1.226906 1.226906 -1.226906 1.226906 1.226906 1.226906 -1.221716 -1.221716 -1.19209e-7 -1.221716 1.221716 -1.19209e-7 1.221716 1.221716 -1.19209e-7 1.221716 -1.221716 -1.19209e-7 -1.221716 0 -1.221716 -1.221716 0 1.221716 1.221716 0 -1.221716 1.221716 0 1.221716 1.21 0 -1.19209e-7 -1.21 0 -1.19209e-7 -1.221716 0.625 1.221716 1.221716 0.625 -1.221716 -1.21 0.625 -1.19209e-7 -1.221716 0.625 -1.221716 1.221716 0.625 1.221716 1.21 0.625 -1.19209e-7 -1.221716 -1.221716 0.6249999 -1.221716 1.221716 0.6249999 1.221716 1.221716 0.6249999 1.221716 -1.221716 0.6249999 1.21 0 0.6249999 -1.21 0 0.6249999 1.21 0.625 0.6249999 -1.221716 -0.625 -1.221716 1.221716 -0.625 1.221716 1.21 -0.625 -1.19209e-7 -1.221716 -0.625 1.221716 1.221716 -0.625 -1.221716 -1.21 -0.625 -1.19209e-7 1.21 -0.625 0.6249999 -1.221716 0.3125 -1.221716 1.221716 0.3125 1.221716 1.21 0.3125 -1.19209e-7 -1.221716 0.3125 1.221716 1.221716 0.3125 -1.221716 -1.21 0.3125 -1.19209e-7 1.21 0.3125 0.6249999 -1.221716 -0.3125 1.221716 1.221716 -0.3125 -1.221716 -1.21 -0.3125 -1.19209e-7 -1.221716 -0.3125 -1.221716 1.221716 -0.3125 1.221716 1.21 -0.3125 -1.19209e-7 1.21 -0.3125 0.6249999 -1.221716 -0.9375 -1.221716 1.221716 -0.9375 1.221716 1.21 -0.9375 -1.19209e-7 1.21 -0.9375 0.6249999 -1.221716 -0.9375 1.221716 1.221716 -0.9375 -1.221716 -1.21 -0.9375 -1.19209e-7 -1.21 -0.9375 0.6249999 -1.221716 0.9375 1.221716 1.221716 0.9375 -1.221716 -1.21 0.9375 -1.19209e-7 -1.221716 0.9375 -1.221716 1.221716 0.9375 1.221716 1.21 0.9375 -1.19209e-7 1.21 0.9375 0.6249999 -1.21 0.9375 0.6249999 -1.221716 1.221716 0.3124999 1.221716 1.221716 0.3124999 1.221716 -1.221716 0.3124999 1.21 0 0.3124999 -1.21 0 0.3124999 1.21 0.625 0.3124999 -1.221716 -1.221716 0.3124999 1.21 -0.625 0.3124999 1.21 0.3125 0.3124999 1.21 -0.3125 0.3124999 -1.21 -0.9375 0.3124999 1.21 -0.9375 0.3124999 -1.21 0.9375 0.3124999 1.21 0.9375 0.3124999 -1.221716 -1.221716 0.9374999 -1.221716 1.221716 0.9374999 1.221716 1.221716 0.9374999 1.221716 -1.221716 0.9374999 1.21 0 0.9374999 -1.21 0 0.9374999 1.21 0.625 0.9374999 -1.21 0.625 0.9374999 -1.21 -0.625 0.9374999 1.21 -0.625 0.9374999 -1.21 0.3125 0.9374999 1.21 0.3125 0.9374999 1.21 -0.3125 0.9374999 -1.21 -0.3125 0.9374999 -1.21 -0.9375 0.9374999 1.21 -0.9375 0.9374999 1.21 0.9375 0.9374999 -1.21 0.9375 0.9374999 -1.25 0.1999999 0.6249999 -1.25 0.1999999 0.3124999 -1.25 0.8 0.6249999 -1.25 0.8 0.3124999 -1.25 0.8 0.2499998 -1.25 0.625 0.2499998 -1.25 0.1999999 0.2499998 -1.25 0.3125 0.2499998 -1.25 0.625 0.7499999 -1.25 0.8 0.7499999 -1.25 0.3125 0.7499999 -1.25 0.1999999 0.7499999 -1.21 0.1999999 0.3124999 -1.21 0.1999999 0.6249999 -1.21 0.8 0.3124999 -1.21 0.8 0.6249999 -1.21 0.8 0.2499998 -1.21 0.625 0.2499998 -1.21 0.3125 0.2499998 -1.21 0.1999999 0.2499998 -1.21 0.8 0.7499999 -1.21 0.625 0.7499999 -1.21 0.1999999 0.7499999 -1.21 0.3125 0.7499999 -1.25 -0.3123155 0.6249999 -1.25 -0.3123155 0.3124999 -1.25 -0.7123155 0.6249999 -1.25 -0.7123155 0.3124999 -1.25 -0.625 0.2999999 -1.25 -0.3125 0.2999999 -1.25 -0.7123155 0.2999999 -1.25 -0.3123155 0.2999999 -1.25 -0.625 0.6999999 -1.25 -0.3125 0.6999999 -1.25 -0.7123155 0.6999999 -1.25 -0.3123155 0.6999999 -1.21 -0.3123155 0.3124999 -1.21 -0.3123155 0.6249999 -1.21 -0.7123155 0.3124999 -1.21 -0.7123155 0.6249999 -1.21 -0.3125 0.2999999 -1.21 -0.625 0.2999999 -1.21 -0.7123155 0.2999999 -1.21 -0.3123155 0.2999999 -1.21 -0.3125 0.6999999 -1.21 -0.625 0.6999999 -1.21 -0.7123155 0.6999999 -1.21 -0.3123155 0.6999999 -1.260001 0.1759042 0.7700799 -1.260001 0.1759042 0.2299202 -1.260001 0.8240958 0.7700799 -1.260001 0.8240958 0.2299202 -1.250001 0.8240958 0.7700799 -1.250001 0.1759042 0.7700799 -1.250001 0.1759042 0.2299202 -1.250001 0.8240958 0.2299202 -1.260001 0.1999999 0.6250001 -1.260001 0.1999999 0.3125 -1.260001 0.8 0.6250001 -1.260001 0.8 0.3125 -1.260001 0.8 0.25 -1.260001 0.625 0.25 -1.260001 0.1999999 0.25 -1.260001 0.3125 0.25 -1.260001 0.625 0.7500001 -1.260001 0.8 0.7500001 -1.260001 0.3125 0.7500001 -1.260001 0.1999999 0.7500001 -1.250001 0.1999999 0.7500001 -1.250001 0.1999999 0.25 -1.250001 0.8 0.25 -1.250001 0.8 0.7500001 -1.260001 0.8240958 0.6250001 -1.260001 0.8240958 0.3125 -1.260001 0.1759042 0.3125 -1.260001 0.1759042 0.6250001 -1.260001 0.625 0.2299202 -1.260001 0.3125 0.2299202 -1.260001 0.3125 0.7700799 -1.260001 0.625 0.7700799 -1.260001 0.8 0.25 -1.260001 0.8 0.25 -1.256024 -0.71 0.71 -1.256024 -0.71 0.29 -1.256024 -0.29 0.71 -1.256024 -0.29 0.29 -1.246024 -0.29 0.71 -1.246024 -0.71 0.71 -1.246024 -0.71 0.29 -1.246024 -0.29 0.29 -1.256024 -0.694387 0.5971935 -1.256024 -0.694387 0.3542098 -1.256024 -0.305613 0.5971935 -1.256024 -0.305613 0.3542098 -1.256024 -0.305613 0.3056131 -1.256024 -0.4190055 0.3056131 -1.256024 -0.694387 0.3056131 -1.256024 -0.6214919 0.3056131 -1.256024 -0.4190055 0.694387 -1.256024 -0.305613 0.694387 -1.256024 -0.6214919 0.694387 -1.256024 -0.694387 0.694387 -1.246024 -0.694387 0.694387 -1.246024 -0.694387 0.3056131 -1.246024 -0.305613 0.3056131 -1.246024 -0.305613 0.694387 -1.256024 -0.29 0.5971935 -1.256024 -0.29 0.3542098 -1.256024 -0.71 0.3542098 -1.256024 -0.71 0.5971935 -1.256024 -0.4190055 0.29 -1.256024 -0.6214919 0.29 -1.256024 -0.6214919 0.71 -1.256024 -0.4190055 0.71 -1.256024 -0.3056131 0.3056131 -1.256024 -0.305613 0.305613</float_array>
          <technique_common>
            <accessor source="#Cube_001-mesh-positions-array" count="316" stride="3">
              <param name="X" type="float"/>
              <param name="Y" type="float"/>
              <param name="Z" type="float"/>
            </accessor>
          </technique_common>
        </source>
        <source id="Cube_001-mesh-normals">
          <float_array id="Cube_001-mesh-normals-array" count="237">-1 0 0 0 1 0 1 0 0 0 -1 0 0 0 -1 0 0 1 0.9983053 0.04115086 0.0411511 0 -0.9998393 0.01793205 -0.9983053 -0.04115086 0.0411511 0 0.9998393 0.01793205 0 -0.01793122 0.9998393 0 -0.01793122 -0.9998393 0 0.9999911 -0.004230022 -0.9991058 -0.04118418 -0.00958091 0 -0.9999911 -0.004230022 0.9991058 0.04118418 -0.00958091 0.9999541 0 -0.009589016 -0.9999541 0 -0.009589016 -0.9991516 0 0.04118597 0.9991516 0 0.04118597 -0.9991516 -0.04118615 0 0.9991516 0.04118615 0 0.999832 -0.01785719 -0.004154086 0.9996898 -0.01761341 0.01761275 0.9991516 -0.04118615 0 -0.9991516 0.04118615 0 -0.999832 0.01785719 -0.004154086 0 0.01793128 -0.9998393 0 0.01793128 0.9998393 -0.9996898 0.01761341 0.01761275 -0.9991516 0.04118615 0 0.9991516 -0.04118615 0 -0.9991516 -0.04118615 0 0.9991516 0.04118615 0 -1 4.23508e-7 0 -1 -3.05356e-7 0 0.9996898 0.01761341 0.01761275 0 -0.9998393 0.01792985 -0.9996898 -0.01761341 0.01761275 0 0.9998393 0.01792985 0 -0.01793128 0.9998393 0 -0.01793128 -0.9998393 0 0.9999911 -0.004230439 -0.999832 -0.01785719 -0.004154086 0 -0.9999911 -0.004230439 0.999832 0.01785719 -0.004154086 -0.9991515 0 0.04118597 0.9991515 0 0.04118597 -0.9991516 -0.04118615 0 0.9991516 0.04118615 0 0.9991058 -0.04118418 -0.00958091 0.9983053 -0.04115086 0.0411511 0.9991516 -0.04118615 0 -0.9991516 0.04118615 0 -0.9991058 0.04118418 -0.00958091 0 0.01793122 -0.9998393 0 0.01793122 0.9998393 -0.9983053 0.04115086 0.0411511 -0.9991516 0.04118615 0 0.9991516 -0.04118615 0 0.9991516 0.04118615 0 -0.9991516 -0.04118615 0 1 -1.90848e-7 0 1 2.11754e-7 0 -1 -1.69634e-7 0 -1 7.4887e-6 0 1 -9.89465e-6 0 1 9.15898e-6 0 2.29888e-6 0 -1 -4.59777e-6 0 1 1.24176e-6 0 1 -9.53675e-6 0 -1 -1 -8.46057e-6 0 -1 -4.05615e-7 0 1 4.90983e-6 0 1 1.81792e-5 0 1 -1.81792e-5 0 -1.91643e-6 0 1 7.66573e-6 0 -1</float_array>
          <technique_common>
            <accessor source="#Cube_001-mesh-normals-array" count="79" stride="3">
              <param name="X" type="float"/>
              <param name="Y" type="float"/>
              <param name="Z" type="float"/>
            </accessor>
          </technique_common>
        </source>
        <source id="Cube_001-mesh-map-0">
          <float_array id="Cube_001-mesh-map-0-array" count="3792">0.625 0.21875 0.59375 0.25 0.59375 0.21875 0.625 0.25 0.59375 0.5 0.59375 0.25 0.625 0.71875 0.59375 0.75 0.59375 0.71875 0.625 0.75 0.59375 1 0.59375 0.75 0.375 0.71875 0.125 0.75 0.125 0.71875 0.875 0.71875 0.625 0.75 0.625 0.71875 0.5 0.75 0.375 1 0.375 0.75 0.5 0.71875 0.375 0.75 0.375 0.71875 0.5 0.25 0.375 0.5 0.375 0.25 0.5 0.21875 0.375 0.25 0.375 0.21875 0.5 0.09375 0.375 0.125 0.375 0.09375 0.5 0.59375 0.375 0.625 0.375 0.59375 0.875 0.59375 0.625 0.625 0.625 0.59375 0.375 0.59375 0.125 0.625 0.125 0.59375 0.625 0.59375 0.59375 0.625 0.59375 0.59375 0.625 0.09375 0.59375 0.125 0.59375 0.09375 0.625 0.53125 0.59375 0.5625 0.59375 0.53125 0.375 0.53125 0.125 0.5625 0.125 0.53125 0.875 0.53125 0.625 0.5625 0.625 0.53125 0.5 0.53125 0.375 0.5625 0.375 0.53125 0.5 0.15625 0.375 0.1875 0.375 0.15625 0.625 0.15625 0.59375 0.1875 0.59375 0.15625 0.5625 0.53125 0.53125 0.5625 0.53125 0.53125 0.5625 0.125 0.53125 0.09376841 0.5625 0.09376841 0.5625 0.59375 0.53125 0.625 0.53125 0.59375 0.5625 0.75 0.53125 1 0.53125 0.75 0.5625 0.71875 0.53125 0.75 0.53125 0.71875 0.5625 0.25 0.53125 0.5 0.53125 0.25 0.5625 0.21875 0.53125 0.25 0.53125 0.21875 0.5625 0.65625 0.53125 0.6875 0.53125 0.65625 0.5625 0.03125 0.53125 0.05376839 0.53125 0.03125 0.625 0.03125 0.59375 0.0625 0.59375 0.03125 0.5 0.03125 0.375 0.0625 0.375 0.03125 0.5 0.65625 0.375 0.6875 0.375 0.65625 0.875 0.65625 0.625 0.6875 0.625 0.65625 0.375 0.65625 0.125 0.6875 0.125 0.65625 0.625 0.65625 0.59375 0.6875 0.59375 0.65625 0.5625 0.5625 0.53125 0.59375 0.53125 0.5625 0.5625 0.125 0.53125 0.145 0.53125 0.125 0.625 0.125 0.59375 0.15625 0.59375 0.125 0.5 0.125 0.375 0.15625 0.375 0.125 0.625 0.5625 0.59375 0.59375 0.59375 0.5625 0.375 0.5625 0.125 0.59375 0.125 0.5625 0.875 0.5625 0.625 0.59375 0.625 0.5625 0.5 0.5625 0.375 0.59375 0.375 0.5625 0.625 0.625 0.59375 0.65625 0.59375 0.625 0.375 0.625 0.125 0.65625 0.125 0.625 0.875 0.625 0.625 0.65625 0.625 0.625 0.5 0.625 0.375 0.65625 0.375 0.625 0.5625 0.625 0.53125 0.65625 0.53125 0.625 0.625 0.0625 0.59375 0.09375 0.59375 0.0625 0.5 0.0625 0.375 0.09375 0.375 0.0625 0.5 0 0.375 0.03125 0.375 0 0.625 0 0.59375 0.03125 0.59375 0 0.5625 0 0.53125 0.03125 0.53125 0 0.5625 0.6875 0.53125 0.71875 0.53125 0.6875 0.5 0.6875 0.375 0.71875 0.375 0.6875 0.875 0.6875 0.625 0.71875 0.625 0.6875 0.375 0.6875 0.125 0.71875 0.125 0.6875 0.625 0.6875 0.59375 0.71875 0.59375 0.6875 0.5625 0.21875 0.53125 0.205 0.5625 0.205 0.5625 0.5 0.53125 0.53125 0.53125 0.5 0.5 0.5 0.375 0.53125 0.375 0.5 0.875 0.5 0.625 0.53125 0.625 0.5 0.375 0.5 0.125 0.53125 0.125 0.5 0.625 0.5 0.59375 0.53125 0.59375 0.5 0.5 0.1875 0.375 0.21875 0.375 0.1875 0.625 0.1875 0.59375 0.21875 0.59375 0.1875 0.53125 0.5 0.5 0.53125 0.5 0.5 0.5 0.1875 0.525 0.1875 0.525 0.205 0.53125 0.6875 0.5 0.71875 0.5 0.6875 0.53125 0 0.5 0.03125 0.5 0 0.5 0.0625 0.53 0.09375 0.5 0.09375 0.53125 0.625 0.5 0.65625 0.5 0.625 0.53125 0.125 0.53125 0.145 0.525 0.145 0.53125 0.5625 0.5 0.59375 0.5 0.5625 0.53125 0.03125 0.53125 0.05376839 0.53 0.05376845 0.53125 0.65625 0.5 0.6875 0.5 0.65625 0.53125 0.21875 0.5 0.25 0.5 0.21875 0.53125 0.25 0.5 0.5 0.5 0.25 0.53125 0.71875 0.5 0.75 0.5 0.71875 0.53125 0.75 0.5 1 0.5 0.75 0.53125 0.59375 0.5 0.625 0.5 0.59375 0.5 0.09375 0.53 0.09375 0.53 0.09376841 0.53125 0.53125 0.5 0.5625 0.5 0.53125 0.5 0.15625 0.525 0.1875 0.5 0.1875 0.5625 0.21875 0.5625 0.205 0.575 0.205 0.59375 0.5 0.5625 0.53125 0.5625 0.5 0.59375 0.6875 0.5625 0.71875 0.5625 0.6875 0.59375 0 0.5625 0.03125 0.5625 0 0.59375 0.0625 0.5700001 0.09375 0.5700001 0.0625 0.59375 0.625 0.5625 0.65625 0.5625 0.625 0.59375 0.5625 0.5625 0.59375 0.5625 0.5625 0.59375 0.15625 0.575 0.15625 0.575 0.145 0.59375 0.65625 0.5625 0.6875 0.5625 0.65625 0.59375 0.0625 0.5700001 0.0625 0.5699999 0.05376839 0.59375 0.15625 0.575 0.1875 0.575 0.15625 0.59375 0.53125 0.5625 0.5625 0.5625 0.53125 0.5625 0.125 0.5625 0.09376841 0.5699999 0.09376841 0.59375 0.59375 0.5625 0.625 0.5625 0.59375 0.59375 0.75 0.5625 1 0.5625 0.75 0.59375 0.71875 0.5625 0.75 0.5625 0.71875 0.59375 0.25 0.5625 0.5 0.5625 0.25 0.59375 0.21875 0.5625 0.25 0.5625 0.21875 0.59375 0.25 0.625 0.21875 0.59375 0.21875 0.59375 0.5 0.625 0.25 0.59375 0.25 0.59375 0.75 0.625 0.71875 0.59375 0.71875 0.59375 1 0.625 0.75 0.59375 0.75 0.125 0.75 0.375 0.71875 0.125 0.71875 0.625 0.75 0.875 0.71875 0.625 0.71875 0.375 1 0.5 0.75 0.375 0.75 0.375 0.71875 0.5 0.75 0.5 0.71875 0.375 0.5 0.5 0.25 0.375 0.25 0.375 0.21875 0.5 0.25 0.5 0.21875 0.375 0.125 0.5 0.09375 0.375 0.09375 0.375 0.625 0.5 0.59375 0.375 0.59375 0.625 0.625 0.875 0.59375 0.625 0.59375 0.125 0.625 0.375 0.59375 0.125 0.59375 0.59375 0.625 0.625 0.59375 0.59375 0.59375 0.59375 0.125 0.625 0.09375 0.59375 0.09375 0.59375 0.5625 0.625 0.53125 0.59375 0.53125 0.125 0.5625 0.375 0.53125 0.125 0.53125 0.625 0.5625 0.875 0.53125 0.625 0.53125 0.375 0.5625 0.5 0.53125 0.375 0.53125 0.375 0.1875 0.5 0.15625 0.375 0.15625 0.59375 0.1875 0.625 0.15625 0.59375 0.15625 0.53125 0.5625 0.5625 0.53125 0.53125 0.53125 0.5625 0.125 0.53125 0.09376841 0.53125 0.125 0.53125 0.625 0.5625 0.59375 0.53125 0.59375 0.53125 1 0.5625 0.75 0.53125 0.75 0.53125 0.75 0.5625 0.71875 0.53125 0.71875 0.53125 0.5 0.5625 0.25 0.53125 0.25 0.53125 0.25 0.5625 0.21875 0.53125 0.21875 0.53125 0.6875 0.5625 0.65625 0.53125 0.65625 0.5625 0.03125 0.53125 0.05376839 0.5625 0.05376839 0.59375 0.0625 0.625 0.03125 0.59375 0.03125 0.375 0.0625 0.5 0.03125 0.375 0.03125 0.375 0.6875 0.5 0.65625 0.375 0.65625 0.625 0.6875 0.875 0.65625 0.625 0.65625 0.125 0.6875 0.375 0.65625 0.125 0.65625 0.59375 0.6875 0.625 0.65625 0.59375 0.65625 0.53125 0.59375 0.5625 0.5625 0.53125 0.5625 0.5625 0.125 0.53125 0.145 0.5625 0.145 0.59375 0.15625 0.625 0.125 0.59375 0.125 0.375 0.15625 0.5 0.125 0.375 0.125 0.59375 0.59375 0.625 0.5625 0.59375 0.5625 0.125 0.59375 0.375 0.5625 0.125 0.5625 0.625 0.59375 0.875 0.5625 0.625 0.5625 0.375 0.59375 0.5 0.5625 0.375 0.5625 0.59375 0.65625 0.625 0.625 0.59375 0.625 0.125 0.65625 0.375 0.625 0.125 0.625 0.625 0.65625 0.875 0.625 0.625 0.625 0.375 0.65625 0.5 0.625 0.375 0.625 0.53125 0.65625 0.5625 0.625 0.53125 0.625 0.59375 0.09375 0.625 0.0625 0.59375 0.0625 0.375 0.09375 0.5 0.0625 0.375 0.0625 0.375 0.03125 0.5 0 0.375 0 0.59375 0 0.625 0.03125 0.625 0 0.53125 0.03125 0.5625 0 0.53125 0 0.53125 0.71875 0.5625 0.6875 0.53125 0.6875 0.375 0.71875 0.5 0.6875 0.375 0.6875 0.625 0.71875 0.875 0.6875 0.625 0.6875 0.125 0.71875 0.375 0.6875 0.125 0.6875 0.59375 0.71875 0.625 0.6875 0.59375 0.6875 0.53125 0.21875 0.5625 0.205 0.53125 0.205 0.53125 0.53125 0.5625 0.5 0.53125 0.5 0.375 0.53125 0.5 0.5 0.375 0.5 0.625 0.53125 0.875 0.5 0.625 0.5 0.125 0.53125 0.375 0.5 0.125 0.5 0.59375 0.5 0.625 0.53125 0.625 0.5 0.375 0.21875 0.5 0.1875 0.375 0.1875 0.59375 0.21875 0.625 0.1875 0.59375 0.1875 0.5 0.53125 0.53125 0.5 0.5 0.5 0.53125 0.21875 0.53125 0.205 0.525 0.205 0.5 0.71875 0.53125 0.6875 0.5 0.6875 0.5 0.03125 0.53125 0 0.5 0 0.5 0.0625 0.53 0.09375 0.53 0.0625 0.5 0.65625 0.53125 0.625 0.5 0.625 0.5 0.15625 0.525 0.15625 0.525 0.145 0.5 0.59375 0.53125 0.5625 0.5 0.5625 0.5 0.0625 0.53 0.0625 0.53 0.05376845 0.5 0.6875 0.53125 0.65625 0.5 0.65625 0.5 0.25 0.53125 0.21875 0.5 0.21875 0.5 0.5 0.53125 0.25 0.5 0.25 0.5 0.75 0.53125 0.71875 0.5 0.71875 0.5 1 0.53125 0.75 0.5 0.75 0.5 0.625 0.53125 0.59375 0.5 0.59375 0.53125 0.125 0.53125 0.09376841 0.53 0.09376841 0.5 0.5625 0.53125 0.53125 0.5 0.53125 0.5 0.15625 0.525 0.1875 0.525 0.15625 0.59375 0.1875 0.575 0.1875 0.575 0.205 0.5625 0.53125 0.59375 0.5 0.5625 0.5 0.5625 0.71875 0.59375 0.6875 0.5625 0.6875 0.5625 0.03125 0.59375 0 0.5625 0 0.59375 0.09375 0.5700001 0.0625 0.5700001 0.09375 0.5625 0.65625 0.59375 0.625 0.5625 0.625 0.5625 0.59375 0.59375 0.5625 0.5625 0.5625 0.5625 0.125 0.5625 0.145 0.575 0.145 0.5625 0.6875 0.59375 0.65625 0.5625 0.65625 0.5625 0.03125 0.5625 0.05376839 0.5699999 0.05376839 0.59375 0.1875 0.575 0.15625 0.575 0.1875 0.5625 0.5625 0.59375 0.53125 0.5625 0.53125 0.59375 0.09375 0.5700001 0.09375 0.57 0.09376841 0.5625 0.625 0.59375 0.59375 0.5625 0.59375 0.5625 1 0.59375 0.75 0.5625 0.75 0.5625 0.75 0.59375 0.71875 0.5625 0.71875 0.5625 0.5 0.59375 0.25 0.5625 0.25 0.5625 0.25 0.59375 0.21875 0.5625 0.21875 0.25 1 0.875 1 0.875 1 0.875 0 0.25 0 0.25 0 1 0.7083334 1 0.1875 1 0.1875 0 0.1875 0 0.7083333 0 0.7083333 0.1875 1 0.96875 1 0.96875 1 0.96875 0 0.1875 0 0.96875 0 1 0.9995388 1 0.2182887 1 0.2182887 0 0.2182888 0 0.9995388 0 0.2182888 0.03717374 0.9628262 0 0.6928442 0 1 0.03717374 0.03717374 0.2685868 0 0 0 0.03717374 0.6928442 0 0.2107335 0 0.6928442 0.8471196 0.9628261 0.2685868 1 0.8471196 1 0.9628261 0.9628261 0.8471196 1 1 1 0.9628261 0.9628261 0.9628261 0.9628261 0.9628261 0.9628261 0.9628261 0.03717374 1 0.2107335 1 0 0.962826 0.2107335 1 0.6928442 1 0.2107335 0.8471196 0.03717374 0.2685868 0 0.2685868 0.03717374 0.9628261 0.9628261 0.962826 0.03717374 1 0 0 0 0.03717374 0.9628262 0 1 1 1 0.8471196 1 0.2685868 1 0.2685868 0 0.8471196 0 1 0 1 0.2107335 1 0.6928442 1 0 0 1 0 1 0 0.6928442 0.25 1 0.875 1 1 1 0.25 0 0 0 1 0 1 0.1875 1 0 1 0.7083334 0 0.7083333 0 1 0 1 0.03717374 0.9628262 0 0.6928442 0 1 0.03717374 0.03717374 0.2685868 0 0 0 0.03717374 0.6928442 0 0.2107335 0 0.6928442 0.8471196 0.9628261 0.2685868 1 0.8471196 1 0.9628261 0.9628261 0.8471196 1 1 1 0.9628261 0.9628261 0.9628261 0.9628261 0.9628261 0.9628261 0.9628261 0.03717374 1 0.2107335 1 0 0.962826 0.2107335 1 0.6928442 1 0.2107335 0.8471196 0.03717374 0.2685868 0 0.2685868 0.03717374 1 0 1 1 0.962826 0.03717374 0 0 0.03717374 0.9628262 0 1 1 1 0.8471196 1 0.2685868 1 0.2685868 0 0.8471196 0 1 0 1 0.2107335 1 0.6928442 1 0 0 1 0 1 0 0.6928442 0.25 1 0.875 1 1 1 0.25 0 0 0 1 0 1 0.1875 1 0 1 0.7083334 0 0.7083333 0 1 0 1 0.625 0.21875 0.625 0.25 0.59375 0.25 0.625 0.25 0.625 0.5 0.59375 0.5 0.625 0.71875 0.625 0.75 0.59375 0.75 0.625 0.75 0.625 1 0.59375 1 0.375 0.71875 0.375 0.75 0.125 0.75 0.875 0.71875 0.875 0.75 0.625 0.75 0.5 0.75 0.5 1 0.375 1 0.5 0.71875 0.5 0.75 0.375 0.75 0.5 0.25 0.5 0.5 0.375 0.5 0.5 0.21875 0.5 0.25 0.375 0.25 0.5 0.09375 0.5 0.125 0.375 0.125 0.5 0.59375 0.5 0.625 0.375 0.625 0.875 0.59375 0.875 0.625 0.625 0.625 0.375 0.59375 0.375 0.625 0.125 0.625 0.625 0.59375 0.625 0.625 0.59375 0.625 0.625 0.09375 0.625 0.125 0.59375 0.125 0.625 0.53125 0.625 0.5625 0.59375 0.5625 0.375 0.53125 0.375 0.5625 0.125 0.5625 0.875 0.53125 0.875 0.5625 0.625 0.5625 0.5 0.53125 0.5 0.5625 0.375 0.5625 0.5 0.15625 0.5 0.1875 0.375 0.1875 0.625 0.15625 0.625 0.1875 0.59375 0.1875 0.5625 0.53125 0.5625 0.5625 0.53125 0.5625 0.5625 0.125 0.53125 0.125 0.53125 0.09376841 0.5625 0.59375 0.5625 0.625 0.53125 0.625 0.5625 0.75 0.5625 1 0.53125 1 0.5625 0.71875 0.5625 0.75 0.53125 0.75 0.5625 0.25 0.5625 0.5 0.53125 0.5 0.5625 0.21875 0.5625 0.25 0.53125 0.25 0.5625 0.65625 0.5625 0.6875 0.53125 0.6875 0.5625 0.03125 0.5625 0.05376839 0.53125 0.05376839 0.625 0.03125 0.625 0.0625 0.59375 0.0625 0.5 0.03125 0.5 0.0625 0.375 0.0625 0.5 0.65625 0.5 0.6875 0.375 0.6875 0.875 0.65625 0.875 0.6875 0.625 0.6875 0.375 0.65625 0.375 0.6875 0.125 0.6875 0.625 0.65625 0.625 0.6875 0.59375 0.6875 0.5625 0.5625 0.5625 0.59375 0.53125 0.59375 0.5625 0.125 0.5625 0.145 0.53125 0.145 0.625 0.125 0.625 0.15625 0.59375 0.15625 0.5 0.125 0.5 0.15625 0.375 0.15625 0.625 0.5625 0.625 0.59375 0.59375 0.59375 0.375 0.5625 0.375 0.59375 0.125 0.59375 0.875 0.5625 0.875 0.59375 0.625 0.59375 0.5 0.5625 0.5 0.59375 0.375 0.59375 0.625 0.625 0.625 0.65625 0.59375 0.65625 0.375 0.625 0.375 0.65625 0.125 0.65625 0.875 0.625 0.875 0.65625 0.625 0.65625 0.5 0.625 0.5 0.65625 0.375 0.65625 0.5625 0.625 0.5625 0.65625 0.53125 0.65625 0.625 0.0625 0.625 0.09375 0.59375 0.09375 0.5 0.0625 0.5 0.09375 0.375 0.09375 0.5 0 0.5 0.03125 0.375 0.03125 0.625 0 0.625 0.03125 0.59375 0.03125 0.5625 0 0.5625 0.03125 0.53125 0.03125 0.5625 0.6875 0.5625 0.71875 0.53125 0.71875 0.5 0.6875 0.5 0.71875 0.375 0.71875 0.875 0.6875 0.875 0.71875 0.625 0.71875 0.375 0.6875 0.375 0.71875 0.125 0.71875 0.625 0.6875 0.625 0.71875 0.59375 0.71875 0.5625 0.21875 0.53125 0.21875 0.53125 0.205 0.5625 0.5 0.5625 0.53125 0.53125 0.53125 0.5 0.5 0.5 0.53125 0.375 0.53125 0.875 0.5 0.875 0.53125 0.625 0.53125 0.375 0.5 0.375 0.53125 0.125 0.53125 0.625 0.5 0.625 0.53125 0.59375 0.53125 0.5 0.1875 0.5 0.21875 0.375 0.21875 0.625 0.1875 0.625 0.21875 0.59375 0.21875 0.53125 0.5 0.53125 0.53125 0.5 0.53125 0.525 0.205 0.53125 0.205 0.53125 0.21875 0.53125 0.21875 0.5 0.21875 0.525 0.205 0.5 0.21875 0.5 0.1875 0.525 0.205 0.53125 0.6875 0.53125 0.71875 0.5 0.71875 0.53125 0 0.53125 0.03125 0.5 0.03125 0.5 0.0625 0.53 0.0625 0.53 0.09375 0.53125 0.625 0.53125 0.65625 0.5 0.65625 0.525 0.145 0.525 0.15625 0.5 0.15625 0.5 0.15625 0.5 0.125 0.525 0.145 0.5 0.125 0.53125 0.125 0.525 0.145 0.53125 0.5625 0.53125 0.59375 0.5 0.59375 0.53 0.0625 0.5 0.0625 0.53 0.05376845 0.5 0.0625 0.5 0.03125 0.53 0.05376845 0.5 0.03125 0.53125 0.03125 0.53 0.05376845 0.53125 0.65625 0.53125 0.6875 0.5 0.6875 0.53125 0.21875 0.53125 0.25 0.5 0.25 0.53125 0.25 0.53125 0.5 0.5 0.5 0.53125 0.71875 0.53125 0.75 0.5 0.75 0.53125 0.75 0.53125 1 0.5 1 0.53125 0.59375 0.53125 0.625 0.5 0.625 0.53125 0.09376841 0.53125 0.125 0.53 0.09376841 0.53125 0.125 0.5 0.125 0.53 0.09376841 0.5 0.125 0.5 0.09375 0.53 0.09376841 0.53125 0.53125 0.53125 0.5625 0.5 0.5625 0.5 0.15625 0.525 0.15625 0.525 0.1875 0.575 0.205 0.575 0.1875 0.59375 0.1875 0.59375 0.1875 0.59375 0.21875 0.575 0.205 0.59375 0.21875 0.5625 0.21875 0.575 0.205 0.59375 0.5 0.59375 0.53125 0.5625 0.53125 0.59375 0.6875 0.59375 0.71875 0.5625 0.71875 0.59375 0 0.59375 0.03125 0.5625 0.03125 0.59375 0.0625 0.59375 0.09375 0.5700001 0.09375 0.59375 0.625 0.59375 0.65625 0.5625 0.65625 0.59375 0.5625 0.59375 0.59375 0.5625 0.59375 0.575 0.145 0.5625 0.145 0.5625 0.125 0.5625 0.125 0.59375 0.125 0.575 0.145 0.59375 0.125 0.59375 0.15625 0.575 0.145 0.59375 0.65625 0.59375 0.6875 0.5625 0.6875 0.5625 0.05376839 0.5625 0.03125 0.5699999 0.05376839 0.5625 0.03125 0.59375 0.03125 0.5699999 0.05376839 0.59375 0.03125 0.59375 0.0625 0.5699999 0.05376839 0.59375 0.15625 0.59375 0.1875 0.575 0.1875 0.59375 0.53125 0.59375 0.5625 0.5625 0.5625 0.5700001 0.09375 0.59375 0.09375 0.5699999 0.09376841 0.59375 0.09375 0.59375 0.125 0.5699999 0.09376841 0.59375 0.125 0.5625 0.125 0.5699999 0.09376841 0.59375 0.59375 0.59375 0.625 0.5625 0.625 0.59375 0.75 0.59375 1 0.5625 1 0.59375 0.71875 0.59375 0.75 0.5625 0.75 0.59375 0.25 0.59375 0.5 0.5625 0.5 0.59375 0.21875 0.59375 0.25 0.5625 0.25 0.59375 0.25 0.625 0.25 0.625 0.21875 0.59375 0.5 0.625 0.5 0.625 0.25 0.59375 0.75 0.625 0.75 0.625 0.71875 0.59375 1 0.625 1 0.625 0.75 0.125 0.75 0.375 0.75 0.375 0.71875 0.625 0.75 0.875 0.75 0.875 0.71875 0.375 1 0.5 1 0.5 0.75 0.375 0.71875 0.375 0.75 0.5 0.75 0.375 0.5 0.5 0.5 0.5 0.25 0.375 0.21875 0.375 0.25 0.5 0.25 0.375 0.125 0.5 0.125 0.5 0.09375 0.375 0.625 0.5 0.625 0.5 0.59375 0.625 0.625 0.875 0.625 0.875 0.59375 0.125 0.625 0.375 0.625 0.375 0.59375 0.59375 0.625 0.625 0.625 0.625 0.59375 0.59375 0.125 0.625 0.125 0.625 0.09375 0.59375 0.5625 0.625 0.5625 0.625 0.53125 0.125 0.5625 0.375 0.5625 0.375 0.53125 0.625 0.5625 0.875 0.5625 0.875 0.53125 0.375 0.5625 0.5 0.5625 0.5 0.53125 0.375 0.1875 0.5 0.1875 0.5 0.15625 0.59375 0.1875 0.625 0.1875 0.625 0.15625 0.53125 0.5625 0.5625 0.5625 0.5625 0.53125 0.5625 0.125 0.5625 0.09376841 0.53125 0.09376841 0.53125 0.625 0.5625 0.625 0.5625 0.59375 0.53125 1 0.5625 1 0.5625 0.75 0.53125 0.75 0.5625 0.75 0.5625 0.71875 0.53125 0.5 0.5625 0.5 0.5625 0.25 0.53125 0.25 0.5625 0.25 0.5625 0.21875 0.53125 0.6875 0.5625 0.6875 0.5625 0.65625 0.5625 0.03125 0.53125 0.03125 0.53125 0.05376839 0.59375 0.0625 0.625 0.0625 0.625 0.03125 0.375 0.0625 0.5 0.0625 0.5 0.03125 0.375 0.6875 0.5 0.6875 0.5 0.65625 0.625 0.6875 0.875 0.6875 0.875 0.65625 0.125 0.6875 0.375 0.6875 0.375 0.65625 0.59375 0.6875 0.625 0.6875 0.625 0.65625 0.53125 0.59375 0.5625 0.59375 0.5625 0.5625 0.5625 0.125 0.53125 0.125 0.53125 0.145 0.59375 0.15625 0.625 0.15625 0.625 0.125 0.375 0.15625 0.5 0.15625 0.5 0.125 0.59375 0.59375 0.625 0.59375 0.625 0.5625 0.125 0.59375 0.375 0.59375 0.375 0.5625 0.625 0.59375 0.875 0.59375 0.875 0.5625 0.375 0.59375 0.5 0.59375 0.5 0.5625 0.59375 0.65625 0.625 0.65625 0.625 0.625 0.125 0.65625 0.375 0.65625 0.375 0.625 0.625 0.65625 0.875 0.65625 0.875 0.625 0.375 0.65625 0.5 0.65625 0.5 0.625 0.53125 0.65625 0.5625 0.65625 0.5625 0.625 0.59375 0.09375 0.625 0.09375 0.625 0.0625 0.375 0.09375 0.5 0.09375 0.5 0.0625 0.375 0.03125 0.5 0.03125 0.5 0 0.59375 0 0.59375 0.03125 0.625 0.03125 0.53125 0.03125 0.5625 0.03125 0.5625 0 0.53125 0.71875 0.5625 0.71875 0.5625 0.6875 0.375 0.71875 0.5 0.71875 0.5 0.6875 0.625 0.71875 0.875 0.71875 0.875 0.6875 0.125 0.71875 0.375 0.71875 0.375 0.6875 0.59375 0.71875 0.625 0.71875 0.625 0.6875 0.53125 0.21875 0.5625 0.21875 0.5625 0.205 0.53125 0.53125 0.5625 0.53125 0.5625 0.5 0.375 0.53125 0.5 0.53125 0.5 0.5 0.625 0.53125 0.875 0.53125 0.875 0.5 0.125 0.53125 0.375 0.53125 0.375 0.5 0.59375 0.5 0.59375 0.53125 0.625 0.53125 0.375 0.21875 0.5 0.21875 0.5 0.1875 0.59375 0.21875 0.625 0.21875 0.625 0.1875 0.5 0.53125 0.53125 0.53125 0.53125 0.5 0.525 0.205 0.525 0.1875 0.5 0.1875 0.5 0.1875 0.5 0.21875 0.525 0.205 0.5 0.21875 0.53125 0.21875 0.525 0.205 0.5 0.71875 0.53125 0.71875 0.53125 0.6875 0.5 0.03125 0.53125 0.03125 0.53125 0 0.5 0.0625 0.5 0.09375 0.53 0.09375 0.5 0.65625 0.53125 0.65625 0.53125 0.625 0.525 0.145 0.53125 0.145 0.53125 0.125 0.53125 0.125 0.5 0.125 0.525 0.145 0.5 0.125 0.5 0.15625 0.525 0.145 0.5 0.59375 0.53125 0.59375 0.53125 0.5625 0.53125 0.05376839 0.53125 0.03125 0.53 0.05376845 0.53125 0.03125 0.5 0.03125 0.53 0.05376845 0.5 0.03125 0.5 0.0625 0.53 0.05376845 0.5 0.6875 0.53125 0.6875 0.53125 0.65625 0.5 0.25 0.53125 0.25 0.53125 0.21875 0.5 0.5 0.53125 0.5 0.53125 0.25 0.5 0.75 0.53125 0.75 0.53125 0.71875 0.5 1 0.53125 1 0.53125 0.75 0.5 0.625 0.53125 0.625 0.53125 0.59375 0.53 0.09376841 0.53 0.09375 0.5 0.09375 0.5 0.09375 0.5 0.125 0.53 0.09376841 0.5 0.125 0.53125 0.125 0.53 0.09376841 0.5 0.5625 0.53125 0.5625 0.53125 0.53125 0.5 0.15625 0.5 0.1875 0.525 0.1875 0.575 0.205 0.5625 0.205 0.5625 0.21875 0.5625 0.21875 0.59375 0.21875 0.575 0.205 0.59375 0.21875 0.59375 0.1875 0.575 0.205 0.5625 0.53125 0.59375 0.53125 0.59375 0.5 0.5625 0.71875 0.59375 0.71875 0.59375 0.6875 0.5625 0.03125 0.59375 0.03125 0.59375 0 0.59375 0.09375 0.59375 0.0625 0.5700001 0.0625 0.5625 0.65625 0.59375 0.65625 0.59375 0.625 0.5625 0.59375 0.59375 0.59375 0.59375 0.5625 0.575 0.145 0.575 0.15625 0.59375 0.15625 0.59375 0.15625 0.59375 0.125 0.575 0.145 0.59375 0.125 0.5625 0.125 0.575 0.145 0.5625 0.6875 0.59375 0.6875 0.59375 0.65625 0.5699999 0.05376839 0.5700001 0.0625 0.59375 0.0625 0.59375 0.0625 0.59375 0.03125 0.5699999 0.05376839 0.59375 0.03125 0.5625 0.03125 0.5699999 0.05376839 0.59375 0.1875 0.59375 0.15625 0.575 0.15625 0.5625 0.5625 0.59375 0.5625 0.59375 0.53125 0.5625 0.09376841 0.5625 0.125 0.57 0.09376841 0.5625 0.125 0.59375 0.125 0.57 0.09376841 0.59375 0.125 0.59375 0.09375 0.57 0.09376841 0.5625 0.625 0.59375 0.625 0.59375 0.59375 0.5625 1 0.59375 1 0.59375 0.75 0.5625 0.75 0.59375 0.75 0.59375 0.71875 0.5625 0.5 0.59375 0.5 0.59375 0.25 0.5625 0.25 0.59375 0.25 0.59375 0.21875 0.25 1 0 1 0 1 0.25 1 0 1 0.25 1 1 1 1 1 0.875 1 0.875 1 0.25 1 0.25 1 0.875 1 1 1 0.875 1 0.875 0 1 0 1 0 0.875 0 1 0 0.875 0 0 0 0 0 0.25 0 0.25 0 0.875 0 0.875 0 0.25 0 0 0 0.25 0 1 0.7083334 1 1 1 1 1 0.7083334 1 1 1 0.7083334 1 0 1 0 1 0.1875 1 0.1875 1 0.7083334 1 0.7083334 1 0.1875 1 0 1 0.1875 0 0.1875 0 0 0 0 0 0.1875 0 0 0 0.1875 0 1 0 1 0 0.7083333 0 0.7083333 0 0.1875 0 0.1875 0 0.7083333 0 1 0 0.7083333 0.1875 1 0 1 0 1 0.1875 1 0 1 0.1875 1 1 1 1 1 0.96875 1 0.96875 1 0.1875 1 0.1875 1 0.96875 1 1 1 0.96875 1 0.1875 0 0 0 0 0 0.1875 0 0 0 0.1875 0 1 0 1 0 0.96875 0 0.96875 0 0.1875 0 0.1875 0 0.96875 0 1 0 0.96875 0 1 0.9995388 1 1 1 1 1 0.9995388 1 1 1 0.9995388 1 0 1 0 1 0.2182887 1 0.2182887 1 0.9995388 1 0.9995388 1 0.2182887 1 0 1 0.2182887 0 0.9995388 0 1 0 1 0 0.9995388 0 1 0 0.9995388 0 0 0 0 0 0.2182888 0 0.2182888 0 0.9995388 0 0.9995388 0 0.2182888 0 0 0 0.2182888 0.2685868 1 0.2685868 0.9628261 0.03717374 0.9628262 0.03717374 0.9628262 0.03717374 0.6928442 0 0.6928442 0 1 0.2685868 1 0.03717374 0.9628262 0 0 0 0.2107335 0.03717374 0.03717374 0 0.2107335 0.03717374 0.2107335 0.03717374 0.03717374 0.03717374 0.03717374 0.2685868 0.03717374 0.2685868 0 0.03717374 0.6928442 0.03717374 0.2107335 0 0.2107335 0.8471196 0.9628261 0.2685868 0.9628261 0.2685868 1 0.9628261 0.9628261 0.8471196 0.9628261 0.8471196 1 1 1 1 0.6928442 0.9628261 0.9628261 1 0.6928442 0.9628261 0.6928442 0.9628261 0.9628261 0.9628261 0.6928442 0.9628261 0.9628261 0.9628261 0.9628261 0.9628261 0.9628261 0.9628261 0.9628261 1 1 0.8471196 0 0.8471196 0.03717374 0.9628261 0.03717374 0.9628261 0.03717374 0.962826 0.2107335 1 0.2107335 1 0 0.8471196 0 0.9628261 0.03717374 0.962826 0.2107335 0.9628261 0.6928442 1 0.6928442 0.8471196 0.03717374 0.8471196 0 0.2685868 0 0.962826 0.03717374 0.03717374 0.03717374 0 0 1 1 0 1 0.03717374 0.9628262 1 1 0.03717374 0.9628262 0.9628261 0.9628261 0.962826 0.03717374 0 0 1 0 1 1 0.9628261 0.9628261 1 0 0 0 0.03717374 0.03717374 0.03717374 0.9628262 0 1 0 1 0.2685868 1 0 1 1 1 0.2685868 1 1 1 1 1 0.8471196 1 0.8471196 0 1 0 1 0 1 0 0 0 0.2685868 0 0 0 0 0 0.2685868 0 1 0.6928442 1 1 1 1 1 1 1 0 1 0.6928442 1 0 1 0 1 0.2107335 0 0 0 0 0 0.2107335 0 0 0 1 0 0.6928442 0 0.2107335 0 0 0 0.6928442 1 1 0 1 0.25 1 0 1 0 1 0.25 1 0.875 1 1 1 1 1 1 0 1 0 0.875 0 0.25 0 0 0 0 0 1 0 0.875 0 0.25 0 1 1 1 1 1 1 1 1 1 1 1 0.7083334 1 0 1 0 1 0.1875 1 0 1 1 1 0.7083334 0 1 0 0 0 0.7083333 0 0 0 0 0 0.1875 0 0 0 0.1875 0 0.7083333 0.2685868 1 0.2685868 0.9628261 0.03717374 0.9628262 0.03717374 0.9628262 0.03717374 0.6928442 0 0.6928442 0 1 0.2685868 1 0.03717374 0.9628262 0 0 0 0.2107335 0.03717374 0.03717374 0 0.2107335 0.03717374 0.2107335 0.03717374 0.03717374 0.03717374 0.03717374 0.2685868 0.03717374 0.2685868 0 0.03717374 0.6928442 0.03717374 0.2107335 0 0.2107335 0.8471196 0.9628261 0.2685868 0.9628261 0.2685868 1 0.9628261 0.9628261 0.8471196 0.9628261 0.8471196 1 1 1 1 0.6928442 0.9628261 0.9628261 1 0.6928442 0.9628261 0.6928442 0.9628261 0.9628261 0.9628261 0.6928442 0.9628261 0.9628261 0.9628261 0.9628261 0.9628261 0.9628261 0.9628261 0.9628261 1 1 0.8471196 0 0.8471196 0.03717374 0.9628261 0.03717374 0.9628261 0.03717374 0.962826 0.2107335 1 0.2107335 1 0 0.8471196 0 0.9628261 0.03717374 0.962826 0.2107335 0.9628261 0.6928442 1 0.6928442 0.8471196 0.03717374 0.8471196 0 0.2685868 0 0.962826 0.03717374 0.03717374 0.03717374 0 0 1 1 0 1 0.9628261 0.9628261 0 1 0.03717374 0.9628262 0.9628261 0.9628261 0.962826 0.03717374 0 0 1 0 1 1 0.9628261 0.9628261 0.962826 0.03717374 0 0 0.03717374 0.03717374 0.03717374 0.9628262 0 1 0 1 0.2685868 1 0 1 1 1 0.2685868 1 1 1 1 1 0.8471196 1 0.8471196 0 1 0 1 0 1 0 0 0 0.2685868 0 0 0 0 0 0.2685868 0 1 0.6928442 1 1 1 1 1 1 1 0 1 0.6928442 1 0 1 0 1 0.2107335 0 0 0 0 0 0.2107335 0 0 0 1 0 0.6928442 0 0.2107335 0 0 0 0.6928442 1 1 0 1 0.25 1 0 1 0 1 0.25 1 0.875 1 1 1 1 1 1 0 1 0 0.875 0 0.25 0 0 0 0 0 1 0 0.875 0 0.25 0 1 1 1 1 1 1 1 1 1 1 1 0.7083334 1 0 1 0 1 0.1875 1 0 1 1 1 0.7083334 0 1 0 0 0 0.7083333 0 0 0 0 0 0.1875 0 0 0 0.1875 0 0.7083333</float_array>
          <technique_common>
            <accessor source="#Cube_001-mesh-map-0-array" count="1896" stride="2">
              <param name="S" type="float"/>
              <param name="T" type="float"/>
            </accessor>
          </technique_common>
        </source>
        <vertices id="Cube_001-mesh-vertices">
          <input semantic="POSITION" source="#Cube_001-mesh-positions"/>
        </vertices>
        <triangles material="kraft-material" count="496">
          <input semantic="VERTEX" source="#Cube_001-mesh-vertices" offset="0"/>
          <input semantic="NORMAL" source="#Cube_001-mesh-normals" offset="1"/>
          <input semantic="TEXCOORD" source="#Cube_001-mesh-map-0" offset="2" set="1"/>
          <p>60 0 0 83 0 1 99 0 2 3 1 3 84 1 4 83 1 5 53 2 6 85 2 7 97 2 8 5 3 9 82 3 10 85 3 11 57 4 12 0 4 13 52 4 14 56 5 15 5 5 16 53 5 17 11 3 18 0 3 19 4 3 20 54 2 21 4 2 22 57 2 23 9 1 24 6 1 25 2 1 26 62 0 27 2 0 28 63 0 29 47 0 30 12 0 31 48 0 32 40 2 33 14 2 34 42 2 35 41 5 36 15 5 37 39 5 38 42 4 39 12 4 40 38 4 41 39 2 42 86 2 43 93 2 44 45 0 45 87 0 46 95 0 47 64 2 48 88 2 49 98 2 50 61 4 51 21 4 52 63 4 53 60 5 54 22 5 55 64 5 56 65 2 57 19 2 58 61 2 59 43 0 60 21 0 61 38 0 62 41 0 63 89 0 64 92 0 65 66 2 66 73 2 67 81 2 68 29 0 69 225 0 70 224 0 71 44 2 72 71 2 73 76 2 74 27 3 75 74 3 76 70 3 77 55 2 78 70 2 79 79 2 80 25 1 81 69 1 82 68 1 83 67 0 84 68 0 85 80 0 86 51 2 87 75 2 88 77 2 89 59 0 90 227 0 91 78 0 92 56 0 93 90 0 94 96 0 95 58 0 96 31 0 97 52 0 98 50 2 99 35 2 100 46 2 101 45 5 102 32 5 103 49 5 104 46 4 105 31 4 106 48 4 107 49 2 108 91 2 109 94 2 110 30 2 111 76 2 112 73 2 113 29 0 114 201 0 115 72 0 116 13 0 117 92 0 118 87 0 119 17 0 120 38 0 121 12 0 122 22 2 123 93 2 124 88 2 125 19 4 126 38 4 127 21 4 128 18 5 129 39 5 130 22 5 131 23 2 132 42 2 133 19 2 134 15 2 135 94 2 136 86 2 137 14 4 138 48 4 139 12 4 140 13 5 141 49 5 142 15 5 143 16 2 144 46 2 145 14 2 146 28 2 147 77 2 148 71 2 149 34 0 150 95 0 151 90 0 152 36 0 153 48 0 154 31 0 155 8 0 156 52 0 157 0 0 158 1 0 159 96 0 160 82 0 161 24 0 162 78 0 163 74 0 164 37 2 165 79 2 166 75 2 167 33 2 168 57 2 169 35 2 170 34 5 171 53 5 172 32 5 173 35 4 174 52 4 175 31 4 176 32 2 177 97 2 178 91 2 179 67 0 180 203 0 181 202 0 182 26 2 183 81 2 184 69 2 185 10 2 186 61 2 187 6 2 188 3 5 189 64 5 190 7 5 191 6 4 192 63 4 193 2 4 194 7 2 195 98 2 196 84 2 197 20 0 198 63 0 199 21 0 200 18 0 201 99 0 202 89 0 203 69 2 204 65 2 205 10 2 206 20 0 207 205 0 208 204 0 209 75 2 210 54 2 211 33 2 212 74 0 213 58 0 214 8 0 215 36 0 216 229 0 217 47 0 218 71 2 219 50 2 220 16 2 221 72 0 222 201 0 223 206 0 224 73 2 225 40 2 226 23 2 227 78 0 228 227 0 229 230 0 230 77 2 231 33 2 232 50 2 233 80 0 234 9 0 235 62 0 236 68 1 237 10 1 238 9 1 239 79 2 240 11 2 241 54 2 242 70 3 243 8 3 244 11 3 245 76 2 246 16 2 247 40 2 248 47 0 249 229 0 250 231 0 251 81 2 252 23 2 253 65 2 254 43 0 255 205 0 256 20 0 257 67 0 258 202 0 259 209 0 260 84 2 261 66 2 262 26 2 263 91 2 264 55 2 265 37 2 266 82 0 267 59 0 268 24 0 269 90 0 270 233 0 271 232 0 272 86 2 273 51 2 274 28 2 275 88 2 276 44 2 277 30 2 278 92 0 279 210 0 280 211 0 281 94 2 282 37 2 283 51 2 284 90 0 285 232 0 286 234 0 287 92 0 288 208 0 289 210 0 290 98 2 291 30 2 292 66 2 293 29 0 294 224 0 295 235 0 296 93 2 297 28 2 298 44 2 299 85 3 300 24 3 301 27 3 302 97 2 303 27 2 304 55 2 305 83 1 306 26 1 307 25 1 308 99 0 309 25 0 310 67 0 311 183 6 312 160 6 313 199 6 314 184 7 315 103 7 316 183 7 317 185 8 318 153 8 319 197 8 320 182 9 321 105 9 322 185 9 323 100 10 324 157 10 325 152 10 326 105 11 327 156 11 328 153 11 329 100 12 330 111 12 331 104 12 332 157 13 333 111 13 334 154 13 335 106 14 336 109 14 337 102 14 338 163 15 339 109 15 340 162 15 341 112 16 342 147 16 343 148 16 344 114 17 345 140 17 346 142 17 347 115 4 348 141 4 349 139 4 350 112 5 351 142 5 352 138 5 353 186 18 354 139 18 355 193 18 356 187 19 357 145 19 358 195 19 359 188 18 360 164 18 361 198 18 362 121 5 363 161 5 364 163 5 365 122 4 366 160 4 367 164 4 368 119 17 369 165 17 370 161 17 371 121 16 372 143 16 373 138 16 374 189 19 375 141 19 376 192 19 377 173 0 378 166 0 379 181 0 380 129 2 381 236 2 382 172 2 383 171 0 384 144 0 385 176 0 386 174 1 387 127 1 388 170 1 389 170 20 390 155 20 391 179 20 392 169 3 393 125 3 394 168 3 395 168 21 396 167 21 397 180 21 398 175 0 399 151 0 400 177 0 401 159 2 402 238 2 403 239 2 404 190 19 405 156 19 406 196 19 407 131 16 408 158 16 409 152 16 410 135 17 411 150 17 412 146 17 413 132 4 414 145 4 415 149 4 416 131 5 417 146 5 418 148 5 419 191 18 420 149 18 421 194 18 422 176 0 423 130 0 424 173 0 425 129 2 426 212 2 427 213 2 428 192 19 429 113 19 430 187 19 431 138 16 432 117 16 433 112 16 434 193 18 435 122 18 436 188 18 437 138 5 438 119 5 439 121 5 440 139 4 441 118 4 442 122 4 443 142 17 444 123 17 445 119 17 446 194 18 447 115 18 448 186 18 449 148 5 450 114 5 451 112 5 452 149 4 453 113 4 454 115 4 455 146 17 456 116 17 457 114 17 458 177 0 459 128 0 460 171 0 461 195 19 462 134 19 463 190 19 464 148 16 465 136 16 466 131 16 467 152 22 468 108 22 469 100 22 470 182 23 471 156 23 472 101 23 473 178 24 474 124 24 475 174 24 476 179 0 477 137 0 478 175 0 479 157 17 480 133 17 481 135 17 482 153 4 483 134 4 484 132 4 485 152 5 486 135 5 487 131 5 488 197 18 489 132 18 490 191 18 491 180 2 492 215 2 493 214 2 494 181 25 495 126 25 496 169 25 497 161 26 498 110 26 499 106 26 500 164 27 501 103 27 502 107 27 503 163 28 504 106 28 505 102 28 506 184 29 507 164 29 508 107 29 509 163 16 510 120 16 511 121 16 512 199 19 513 118 19 514 189 19 515 165 25 516 169 25 517 110 25 518 180 2 519 214 2 520 216 2 521 154 0 522 175 0 523 133 0 524 158 24 525 174 24 526 108 24 527 136 2 528 240 2 529 241 2 530 150 0 531 171 0 532 116 0 533 143 2 534 218 2 535 219 2 536 140 0 537 173 0 538 123 0 539 136 2 540 241 2 541 242 2 542 133 0 543 177 0 544 150 0 545 109 21 546 180 21 547 162 21 548 110 3 549 168 3 550 109 3 551 111 20 552 179 20 553 154 20 554 108 1 555 170 1 556 111 1 557 116 0 558 176 0 559 140 0 560 172 2 561 236 2 562 243 2 563 123 0 564 181 0 565 165 0 566 143 2 567 217 2 568 218 2 569 189 2 570 221 2 571 220 2 572 166 30 573 184 30 574 126 30 575 155 0 576 191 0 577 137 0 578 159 31 579 182 31 580 124 31 581 195 2 582 245 2 583 244 2 584 151 0 585 186 0 586 128 0 587 144 0 588 188 0 589 130 0 590 129 2 591 213 2 592 222 2 593 137 0 594 194 0 595 151 0 596 159 2 597 239 2 598 246 2 599 189 2 600 223 2 601 221 2 602 130 0 603 198 0 604 166 0 605 195 2 606 244 2 607 247 2 608 128 0 609 193 0 610 144 0 611 124 1 612 185 1 613 127 1 614 127 32 615 197 32 616 155 32 617 126 3 618 183 3 619 125 3 620 125 33 621 199 33 622 167 33 623 202 3 624 203 3 625 214 3 626 201 1 627 200 1 628 213 1 629 205 5 630 207 5 631 218 5 632 210 4 633 208 4 634 221 4 635 224 3 636 225 3 637 236 3 638 227 1 639 239 1 640 238 1 641 229 5 642 228 5 643 241 5 644 232 4 645 244 4 646 245 4 647 60 0 762 3 0 763 83 0 764 3 1 765 7 1 766 84 1 767 53 2 768 5 2 769 85 2 770 5 3 771 1 3 772 82 3 773 57 4 774 4 4 775 0 4 776 56 5 777 1 5 778 5 5 779 11 3 780 8 3 781 0 3 782 54 2 783 11 2 784 4 2 785 9 1 786 10 1 787 6 1 788 62 0 789 9 0 790 2 0 791 47 0 792 17 0 793 12 0 794 40 2 795 16 2 796 14 2 797 41 5 798 13 5 799 15 5 800 42 4 801 14 4 802 12 4 803 39 2 804 15 2 805 86 2 806 45 0 807 13 0 808 87 0 809 64 2 810 22 2 811 88 2 812 61 4 813 19 4 814 21 4 815 60 5 816 18 5 817 22 5 818 65 2 819 23 2 820 19 2 821 43 0 822 20 0 823 21 0 824 41 0 825 18 0 826 89 0 827 66 2 828 30 2 829 73 2 830 29 0 831 72 0 832 225 0 833 44 2 834 28 2 835 71 2 836 27 3 837 24 3 838 74 3 839 55 2 840 27 2 841 70 2 842 25 1 843 26 1 844 69 1 845 67 0 846 25 0 847 68 0 848 51 2 849 37 2 850 75 2 851 59 0 852 226 0 853 227 0 854 56 0 855 34 0 856 90 0 857 58 0 858 36 0 859 31 0 860 50 2 861 33 2 862 35 2 863 45 5 864 34 5 865 32 5 866 46 4 867 35 4 868 31 4 869 49 2 870 32 2 871 91 2 872 30 2 873 44 2 874 76 2 875 29 0 876 200 0 877 201 0 878 13 0 879 41 0 880 92 0 881 17 0 882 43 0 883 38 0 884 22 2 885 39 2 886 93 2 887 19 4 888 42 4 889 38 4 890 18 5 891 41 5 892 39 5 893 23 2 894 40 2 895 42 2 896 15 2 897 49 2 898 94 2 899 14 4 900 46 4 901 48 4 902 13 5 903 45 5 904 49 5 905 16 2 906 50 2 907 46 2 908 28 2 909 51 2 910 77 2 911 34 0 912 45 0 913 95 0 914 36 0 915 47 0 916 48 0 917 8 0 918 58 0 919 52 0 920 1 0 921 56 0 922 96 0 923 24 0 924 59 0 925 78 0 926 37 2 927 55 2 928 79 2 929 33 2 930 54 2 931 57 2 932 34 5 933 56 5 934 53 5 935 35 4 936 57 4 937 52 4 938 32 2 939 53 2 940 97 2 941 67 0 942 80 0 943 203 0 944 26 2 945 66 2 946 81 2 947 10 2 948 65 2 949 61 2 950 3 5 951 60 5 952 64 5 953 6 4 954 61 4 955 63 4 956 7 2 957 64 2 958 98 2 959 20 0 960 62 0 961 63 0 962 18 0 963 60 0 964 99 0 965 69 2 966 81 2 967 65 2 968 204 0 969 203 0 970 80 0 971 80 0 972 62 0 973 204 0 974 62 0 975 20 0 976 204 0 977 75 2 978 79 2 979 54 2 980 74 0 981 78 0 982 58 0 983 36 0 984 228 0 985 229 0 986 71 2 987 77 2 988 50 2 989 206 0 990 207 0 991 43 0 992 43 0 993 17 0 994 206 0 995 17 0 996 72 0 997 206 0 998 73 2 999 76 2 1000 40 2 1001 228 0 1002 36 0 1003 230 0 1004 36 0 1005 58 0 1006 230 0 1007 58 34 1008 78 34 1009 230 34 1010 77 2 1011 75 2 1012 33 2 1013 80 0 1014 68 0 1015 9 0 1016 68 1 1017 69 1 1018 10 1 1019 79 2 1020 70 2 1021 11 2 1022 70 3 1023 74 3 1024 8 3 1025 76 2 1026 71 2 1027 16 2 1028 225 0 1029 72 0 1030 231 0 1031 72 0 1032 17 0 1033 231 0 1034 17 0 1035 47 0 1036 231 0 1037 81 2 1038 73 2 1039 23 2 1040 43 0 1041 207 0 1042 205 0 1043 209 0 1044 208 0 1045 89 0 1046 89 0 1047 99 0 1048 209 0 1049 99 0 1050 67 0 1051 209 0 1052 84 2 1053 98 2 1054 66 2 1055 91 2 1056 97 2 1057 55 2 1058 82 0 1059 96 0 1060 59 0 1061 90 0 1062 95 0 1063 233 0 1064 86 2 1065 94 2 1066 51 2 1067 88 2 1068 93 2 1069 44 2 1070 211 0 1071 200 0 1072 29 0 1073 29 0 1074 87 0 1075 211 0 1076 87 0 1077 92 0 1078 211 0 1079 94 2 1080 91 2 1081 37 2 1082 226 0 1083 59 0 1084 234 0 1085 59 0 1086 96 0 1087 234 0 1088 96 0 1089 90 0 1090 234 0 1091 92 0 1092 89 0 1093 208 0 1094 98 2 1095 88 2 1096 30 2 1097 233 0 1098 95 0 1099 235 0 1100 95 0 1101 87 0 1102 235 0 1103 87 35 1104 29 35 1105 235 35 1106 93 2 1107 86 2 1108 28 2 1109 85 3 1110 82 3 1111 24 3 1112 97 2 1113 85 2 1114 27 2 1115 83 1 1116 84 1 1117 26 1 1118 99 0 1119 83 0 1120 25 0 1121 183 36 1122 103 36 1123 160 36 1124 184 37 1125 107 37 1126 103 37 1127 185 38 1128 105 38 1129 153 38 1130 182 39 1131 101 39 1132 105 39 1133 100 40 1134 104 40 1135 157 40 1136 105 41 1137 101 41 1138 156 41 1139 100 42 1140 108 42 1141 111 42 1142 157 43 1143 104 43 1144 111 43 1145 106 44 1146 110 44 1147 109 44 1148 163 45 1149 102 45 1150 109 45 1151 112 16 1152 117 16 1153 147 16 1154 114 17 1155 116 17 1156 140 17 1157 115 4 1158 113 4 1159 141 4 1160 112 5 1161 114 5 1162 142 5 1163 186 46 1164 115 46 1165 139 46 1166 187 47 1167 113 47 1168 145 47 1169 188 46 1170 122 46 1171 164 46 1172 121 5 1173 119 5 1174 161 5 1175 122 4 1176 118 4 1177 160 4 1178 119 17 1179 123 17 1180 165 17 1181 121 16 1182 120 16 1183 143 16 1184 189 47 1185 118 47 1186 141 47 1187 173 0 1188 130 0 1189 166 0 1190 129 2 1191 237 2 1192 236 2 1193 171 0 1194 128 0 1195 144 0 1196 174 1 1197 124 1 1198 127 1 1199 170 48 1200 127 48 1201 155 48 1202 169 3 1203 126 3 1204 125 3 1205 168 49 1206 125 49 1207 167 49 1208 175 0 1209 137 0 1210 151 0 1211 159 2 1212 178 2 1213 238 2 1214 190 47 1215 134 47 1216 156 47 1217 131 16 1218 136 16 1219 158 16 1220 135 17 1221 133 17 1222 150 17 1223 132 4 1224 134 4 1225 145 4 1226 131 5 1227 135 5 1228 146 5 1229 191 46 1230 132 46 1231 149 46 1232 176 0 1233 144 0 1234 130 0 1235 129 2 1236 172 2 1237 212 2 1238 192 47 1239 141 47 1240 113 47 1241 138 16 1242 143 16 1243 117 16 1244 193 46 1245 139 46 1246 122 46 1247 138 5 1248 142 5 1249 119 5 1250 139 4 1251 141 4 1252 118 4 1253 142 17 1254 140 17 1255 123 17 1256 194 46 1257 149 46 1258 115 46 1259 148 5 1260 146 5 1261 114 5 1262 149 4 1263 145 4 1264 113 4 1265 146 17 1266 150 17 1267 116 17 1268 177 0 1269 151 0 1270 128 0 1271 195 47 1272 145 47 1273 134 47 1274 148 16 1275 147 16 1276 136 16 1277 152 50 1278 158 50 1279 108 50 1280 182 51 1281 196 51 1282 156 51 1283 178 52 1284 159 52 1285 124 52 1286 179 0 1287 155 0 1288 137 0 1289 157 17 1290 154 17 1291 133 17 1292 153 4 1293 156 4 1294 134 4 1295 152 5 1296 157 5 1297 135 5 1298 197 46 1299 153 46 1300 132 46 1301 180 2 1302 167 2 1303 215 2 1304 181 53 1305 166 53 1306 126 53 1307 161 54 1308 165 54 1309 110 54 1310 164 55 1311 160 55 1312 103 55 1313 163 56 1314 161 56 1315 106 56 1316 184 57 1317 198 57 1318 164 57 1319 163 16 1320 162 16 1321 120 16 1322 199 47 1323 160 47 1324 118 47 1325 165 58 1326 181 58 1327 169 58 1328 216 2 1329 217 2 1330 120 2 1331 120 2 1332 162 2 1333 216 2 1334 162 2 1335 180 2 1336 216 2 1337 154 0 1338 179 0 1339 175 0 1340 158 59 1341 178 59 1342 174 59 1343 136 2 1344 147 2 1345 240 2 1346 150 0 1347 177 0 1348 171 0 1349 219 2 1350 212 2 1351 172 2 1352 172 2 1353 117 2 1354 219 2 1355 117 2 1356 143 2 1357 219 2 1358 140 0 1359 176 0 1360 173 0 1361 238 2 1362 178 2 1363 242 2 1364 178 2 1365 158 2 1366 242 2 1367 158 2 1368 136 2 1369 242 2 1370 133 0 1371 175 0 1372 177 0 1373 109 60 1374 168 60 1375 180 60 1376 110 3 1377 169 3 1378 168 3 1379 111 61 1380 170 61 1381 179 61 1382 108 1 1383 174 1 1384 170 1 1385 116 0 1386 171 0 1387 176 0 1388 243 2 1389 240 2 1390 147 2 1391 147 2 1392 117 2 1393 243 2 1394 117 62 1395 172 62 1396 243 62 1397 123 0 1398 173 0 1399 181 0 1400 143 2 1401 120 2 1402 217 2 1403 220 2 1404 215 2 1405 167 2 1406 167 2 1407 199 2 1408 220 2 1409 199 2 1410 189 2 1411 220 2 1412 166 30 1413 198 30 1414 184 30 1415 155 0 1416 197 0 1417 191 0 1418 159 31 1419 196 31 1420 182 31 1421 195 2 1422 190 2 1423 245 2 1424 151 0 1425 194 0 1426 186 0 1427 144 0 1428 193 0 1429 188 0 1430 222 2 1431 223 2 1432 192 2 1433 192 2 1434 187 2 1435 222 2 1436 187 2 1437 129 2 1438 222 2 1439 137 0 1440 191 0 1441 194 0 1442 246 2 1443 245 2 1444 190 2 1445 190 2 1446 196 2 1447 246 2 1448 196 63 1449 159 63 1450 246 63 1451 189 2 1452 192 2 1453 223 2 1454 130 0 1455 188 0 1456 198 0 1457 237 2 1458 129 2 1459 247 2 1460 129 2 1461 187 2 1462 247 2 1463 187 2 1464 195 2 1465 247 2 1466 128 0 1467 186 0 1468 193 0 1469 124 1 1470 182 1 1471 185 1 1472 127 32 1473 185 32 1474 197 32 1475 126 3 1476 184 3 1477 183 3 1478 125 33 1479 183 33 1480 199 33 1481 215 3 1482 220 3 1483 209 3 1484 215 3 1485 209 3 1486 202 3 1487 204 3 1488 216 3 1489 214 3 1490 214 3 1491 215 3 1492 202 3 1493 203 3 1494 204 3 1495 214 3 1496 212 1 1497 219 1 1498 206 1 1499 212 1 1500 206 1 1501 201 1 1502 211 1 1503 222 1 1504 213 1 1505 213 1 1506 212 1 1507 201 1 1508 200 1 1509 211 1 1510 213 1 1511 217 5 1512 216 5 1513 204 5 1514 217 5 1515 204 5 1516 205 5 1517 206 5 1518 219 5 1519 218 5 1520 218 5 1521 217 5 1522 205 5 1523 207 5 1524 206 5 1525 218 5 1526 223 4 1527 222 4 1528 211 4 1529 223 4 1530 211 4 1531 210 4 1532 209 4 1533 220 4 1534 221 4 1535 221 4 1536 223 4 1537 210 4 1538 208 4 1539 209 4 1540 221 4 1541 237 3 1542 247 3 1543 235 3 1544 237 3 1545 235 3 1546 224 3 1547 231 3 1548 243 3 1549 236 3 1550 236 3 1551 237 3 1552 224 3 1553 225 3 1554 231 3 1555 236 3 1556 226 1 1557 234 1 1558 246 1 1559 226 1 1560 246 1 1561 239 1 1562 242 1 1563 230 1 1564 227 1 1565 227 1 1566 226 1 1567 239 1 1568 238 1 1569 242 1 1570 227 1 1571 240 5 1572 243 5 1573 231 5 1574 240 5 1575 231 5 1576 229 5 1577 230 5 1578 242 5 1579 241 5 1580 241 5 1581 240 5 1582 229 5 1583 228 5 1584 230 5 1585 241 5 1586 233 4 1587 235 4 1588 247 4 1589 233 4 1590 247 4 1591 244 4 1592 246 4 1593 234 4 1594 232 4 1595 232 4 1596 233 4 1597 244 4 1598 245 4 1599 246 4 1600 232 4 1601</p>
        </triangles>
        <triangles material="blue-material" count="68">
          <input semantic="VERTEX" source="#Cube_001-mesh-vertices" offset="0"/>
          <input semantic="NORMAL" source="#Cube_001-mesh-normals" offset="1"/>
          <input semantic="TEXCOORD" source="#Cube_001-mesh-map-0" offset="2" set="1"/>
          <p>265 0 648 279 0 649 250 0 650 267 0 651 275 0 652 248 0 653 264 0 654 278 0 655 279 0 656 259 0 657 272 0 658 273 0 659 260 0 660 273 0 661 251 0 662 260 0 663 281 0 664 280 0 665 262 0 666 277 0 667 249 0 668 263 0 669 276 0 670 277 0 671 257 0 672 275 0 673 256 0 674 270 2 675 269 2 676 254 2 677 253 2 678 271 2 679 252 2 680 255 1 681 273 1 682 272 1 683 275 3 684 274 3 685 254 3 686 277 4 687 276 4 688 254 4 689 252 5 690 250 5 691 279 5 692 258 3 693 259 3 694 270 3 695 256 1 696 268 1 697 269 1 698 263 5 699 269 5 700 261 5 701 264 4 702 265 4 703 271 4 704 272 0 1602 258 0 1603 265 0 1604 265 0 1605 264 0 1606 279 0 1607 250 0 1608 272 0 1609 265 0 1610 248 0 1611 278 0 1612 267 0 1613 278 0 1614 266 0 1615 267 0 1616 267 0 1617 256 0 1618 275 0 1619 264 0 1620 266 0 1621 278 0 1622 259 0 1623 258 0 1624 272 0 1625 260 0 1626 259 0 1627 273 0 1628 251 0 1629 276 0 1630 281 0 1631 276 64 1632 261 64 1633 281 64 1634 261 0 1635 280 0 1636 281 0 1637 281 0 1638 260 0 1639 251 0 1640 274 0 1641 257 0 1642 262 0 1643 262 0 1644 263 0 1645 277 0 1646 249 65 1647 274 65 1648 262 65 1649 263 0 1650 261 0 1651 276 0 1652 257 0 1653 274 0 1654 275 0 1655 269 66 1656 268 66 1657 253 66 1658 255 67 1659 252 67 1660 271 67 1661 255 2 1662 271 2 1663 270 2 1664 269 2 1665 253 2 1666 254 2 1667 255 2 1668 270 2 1669 254 2 1670 253 2 1671 268 2 1672 271 2 1673 250 1 1674 252 1 1675 272 1 1676 252 1 1677 255 1 1678 272 1 1679 255 1 1680 251 1 1681 273 1 1682 274 3 1683 249 3 1684 254 3 1685 254 3 1686 253 3 1687 275 3 1688 253 3 1689 248 3 1690 275 3 1691 276 4 1692 251 4 1693 255 4 1694 255 68 1695 254 68 1696 276 68 1697 254 4 1698 249 4 1699 277 4 1700 248 5 1701 253 5 1702 278 5 1703 253 69 1704 252 69 1705 279 69 1706 278 5 1707 253 5 1708 279 5 1709 270 3 1710 271 3 1711 258 3 1712 271 3 1713 265 3 1714 258 3 1715 259 3 1716 260 3 1717 270 3 1718 269 1 1719 262 1 1720 257 1 1721 256 1 1722 267 1 1723 268 1 1724 269 1 1725 257 1 1726 256 1 1727 270 5 1728 260 5 1729 280 5 1730 270 5 1731 280 5 1732 261 5 1733 262 5 1734 269 5 1735 263 5 1736 269 70 1737 270 70 1738 261 70 1739 271 4 1740 268 4 1741 264 4 1742 268 4 1743 267 4 1744 266 4 1745 268 71 1746 266 71 1747 264 71 1748</p>
        </triangles>
        <triangles material="red-material" count="68">
          <input semantic="VERTEX" source="#Cube_001-mesh-vertices" offset="0"/>
          <input semantic="NORMAL" source="#Cube_001-mesh-normals" offset="1"/>
          <input semantic="TEXCOORD" source="#Cube_001-mesh-map-0" offset="2" set="1"/>
          <p>299 0 705 313 0 706 284 0 707 301 0 708 309 0 709 282 0 710 298 0 711 312 0 712 313 0 713 293 0 714 306 0 715 307 0 716 294 0 717 307 0 718 285 0 719 294 0 720 315 0 721 314 0 722 296 0 723 311 0 724 283 0 725 297 0 726 310 0 727 311 0 728 291 0 729 309 0 730 290 0 731 288 2 732 289 2 733 303 2 734 287 2 735 305 2 736 286 2 737 289 1 738 307 1 739 306 1 740 309 3 741 308 3 742 288 3 743 311 4 744 310 4 745 288 4 746 286 5 747 284 5 748 313 5 749 292 3 750 293 3 751 304 3 752 290 1 753 302 1 754 303 1 755 297 5 756 303 5 757 295 5 758 298 4 759 299 4 760 305 4 761 306 0 1749 292 0 1750 299 0 1751 299 0 1752 298 0 1753 313 0 1754 284 72 1755 306 72 1756 299 72 1757 282 0 1758 312 0 1759 301 0 1760 312 0 1761 300 0 1762 301 0 1763 301 0 1764 290 0 1765 309 0 1766 298 0 1767 300 0 1768 312 0 1769 293 0 1770 292 0 1771 306 0 1772 294 0 1773 293 0 1774 307 0 1775 285 0 1776 310 0 1777 315 0 1778 310 73 1779 295 73 1780 315 73 1781 295 0 1782 314 0 1783 315 0 1784 315 0 1785 294 0 1786 285 0 1787 308 0 1788 291 0 1789 296 0 1790 296 0 1791 297 0 1792 311 0 1793 283 0 1794 308 0 1795 296 0 1796 297 0 1797 295 0 1798 310 0 1799 291 0 1800 308 0 1801 309 0 1802 303 74 1803 302 74 1804 287 74 1805 289 75 1806 286 75 1807 304 75 1808 286 2 1809 305 2 1810 304 2 1811 303 76 1812 287 76 1813 288 76 1814 289 2 1815 304 2 1816 303 2 1817 287 2 1818 302 2 1819 305 2 1820 284 1 1821 286 1 1822 306 1 1823 286 1 1824 289 1 1825 306 1 1826 289 1 1827 285 1 1828 307 1 1829 308 3 1830 283 3 1831 288 3 1832 288 3 1833 287 3 1834 309 3 1835 287 3 1836 282 3 1837 309 3 1838 310 4 1839 285 4 1840 289 4 1841 289 4 1842 288 4 1843 310 4 1844 288 4 1845 283 4 1846 311 4 1847 282 5 1848 287 5 1849 312 5 1850 287 5 1851 286 5 1852 313 5 1853 312 5 1854 287 5 1855 313 5 1856 304 3 1857 305 3 1858 292 3 1859 305 3 1860 299 3 1861 292 3 1862 293 3 1863 294 3 1864 304 3 1865 303 1 1866 296 1 1867 291 1 1868 290 1 1869 301 1 1870 302 1 1871 303 1 1872 291 1 1873 290 1 1874 304 5 1875 294 5 1876 314 5 1877 304 5 1878 314 5 1879 295 5 1880 296 5 1881 303 5 1882 297 5 1883 303 77 1884 304 77 1885 295 77 1886 305 78 1887 302 78 1888 298 78 1889 302 4 1890 301 4 1891 300 4 1892 302 4 1893 300 4 1894 298 4 1895</p>
        </triangles>
      </mesh>
    </geometry>
    <geometry id="wallpaper_image_004-mesh" name="wallpaper_image.004">
      <mesh>
        <source id="wallpaper_image_004-mesh-positions">
          <float_array id="wallpaper_image_004-mesh-positions-array" count="27">0 -1 0 1.333333 -1 0 0 0 0 1.333333 0 0 0 -0.5 0 0.6666666 -1 0 1.333333 -0.5 0 0.6666666 0 0 0.6666666 -0.5 0</float_array>
          <technique_common>
            <accessor source="#wallpaper_image_004-mesh-positions-array" count="9" stride="3">
              <param name="X" type="float"/>
              <param name="Y" type="float"/>
              <param name="Z" type="float"/>
            </accessor>
          </technique_common>
        </source>
        <source id="wallpaper_image_004-mesh-normals">
          <float_array id="wallpaper_image_004-mesh-normals-array" count="3">0 0 1</float_array>
          <technique_common>
            <accessor source="#wallpaper_image_004-mesh-normals-array" count="1" stride="3">
              <param name="X" type="float"/>
              <param name="Y" type="float"/>
              <param name="Z" type="float"/>
            </accessor>
          </technique_common>
        </source>
        <source id="wallpaper_image_004-mesh-map-0">
          <float_array id="wallpaper_image_004-mesh-map-0-array" count="48">1 0.5 0.5 1 0.5 0.5 0.5 0.5 0 1 0 0.5 0.5 0 0 0.5 0 0 1 0 0.5 0.5 0.5 0 1 0.5 1 1 0.5 1 0.5 0.5 0.5 1 0 1 0.5 0 0.5 0.5 0 0.5 1 0 1 0.5 0.5 0.5</float_array>
          <technique_common>
            <accessor source="#wallpaper_image_004-mesh-map-0-array" count="24" stride="2">
              <param name="S" type="float"/>
              <param name="T" type="float"/>
            </accessor>
          </technique_common>
        </source>
        <vertices id="wallpaper_image_004-mesh-vertices">
          <input semantic="POSITION" source="#wallpaper_image_004-mesh-positions"/>
        </vertices>
        <triangles material="wallpaper_image-material" count="8">
          <input semantic="VERTEX" source="#wallpaper_image_004-mesh-vertices" offset="0"/>
          <input semantic="NORMAL" source="#wallpaper_image_004-mesh-normals" offset="1"/>
          <input semantic="TEXCOORD" source="#wallpaper_image_004-mesh-map-0" offset="2" set="1"/>
          <p>6 0 0 7 0 1 8 0 2 8 0 3 2 0 4 4 0 5 5 0 6 4 0 7 0 0 8 1 0 9 8 0 10 5 0 11 6 0 12 3 0 13 7 0 14 8 0 15 7 0 16 2 0 17 5 0 18 8 0 19 4 0 20 1 0 21 6 0 22 8 0 23</p>
        </triangles>
      </mesh>
    </geometry>
    <geometry id="wallpaper_image_003-mesh" name="wallpaper_image.003">
      <mesh>
        <source id="wallpaper_image_003-mesh-positions">
          <float_array id="wallpaper_image_003-mesh-positions-array" count="27">0 -1 0 1.333333 -1 0 0 0 0 1.333333 0 0 0 -0.5 0 0.6666666 -1 0 1.333333 -0.5 0 0.6666666 0 0 0.6666666 -0.5 0</float_array>
          <technique_common>
            <accessor source="#wallpaper_image_003-mesh-positions-array" count="9" stride="3">
              <param name="X" type="float"/>
              <param name="Y" type="float"/>
              <param name="Z" type="float"/>
            </accessor>
          </technique_common>
        </source>
        <source id="wallpaper_image_003-mesh-normals">
          <float_array id="wallpaper_image_003-mesh-normals-array" count="3">0 0 1</float_array>
          <technique_common>
            <accessor source="#wallpaper_image_003-mesh-normals-array" count="1" stride="3">
              <param name="X" type="float"/>
              <param name="Y" type="float"/>
              <param name="Z" type="float"/>
            </accessor>
          </technique_common>
        </source>
        <source id="wallpaper_image_003-mesh-map-0">
          <float_array id="wallpaper_image_003-mesh-map-0-array" count="48">1 0.5 0.5 1 0.5 0.5 0.5 0.5 0 1 0 0.5 0.5 0 0 0.5 0 0 1 0 0.5 0.5 0.5 0 1 0.5 1 1 0.5 1 0.5 0.5 0.5 1 0 1 0.5 0 0.5 0.5 0 0.5 1 0 1 0.5 0.5 0.5</float_array>
          <technique_common>
            <accessor source="#wallpaper_image_003-mesh-map-0-array" count="24" stride="2">
              <param name="S" type="float"/>
              <param name="T" type="float"/>
            </accessor>
          </technique_common>
        </source>
        <vertices id="wallpaper_image_003-mesh-vertices">
          <input semantic="POSITION" source="#wallpaper_image_003-mesh-positions"/>
        </vertices>
        <triangles material="wallpaper_image-material" count="8">
          <input semantic="VERTEX" source="#wallpaper_image_003-mesh-vertices" offset="0"/>
          <input semantic="NORMAL" source="#wallpaper_image_003-mesh-normals" offset="1"/>
          <input semantic="TEXCOORD" source="#wallpaper_image_003-mesh-map-0" offset="2" set="1"/>
          <p>6 0 0 7 0 1 8 0 2 8 0 3 2 0 4 4 0 5 5 0 6 4 0 7 0 0 8 1 0 9 8 0 10 5 0 11 6 0 12 3 0 13 7 0 14 8 0 15 7 0 16 2 0 17 5 0 18 8 0 19 4 0 20 1 0 21 6 0 22 8 0 23</p>
        </triangles>
      </mesh>
    </geometry>
    <geometry id="wallpaper_image_002-mesh" name="wallpaper_image.002">
      <mesh>
        <source id="wallpaper_image_002-mesh-positions">
          <float_array id="wallpaper_image_002-mesh-positions-array" count="27">0 -1 0 1.333333 -1 0 0 0 0 1.333333 0 0 0 -0.5 0 0.6666666 -1 0 1.333333 -0.5 0 0.6666666 0 0 0.6666666 -0.5 0</float_array>
          <technique_common>
            <accessor source="#wallpaper_image_002-mesh-positions-array" count="9" stride="3">
              <param name="X" type="float"/>
              <param name="Y" type="float"/>
              <param name="Z" type="float"/>
            </accessor>
          </technique_common>
        </source>
        <source id="wallpaper_image_002-mesh-normals">
          <float_array id="wallpaper_image_002-mesh-normals-array" count="3">0 0 1</float_array>
          <technique_common>
            <accessor source="#wallpaper_image_002-mesh-normals-array" count="1" stride="3">
              <param name="X" type="float"/>
              <param name="Y" type="float"/>
              <param name="Z" type="float"/>
            </accessor>
          </technique_common>
        </source>
        <source id="wallpaper_image_002-mesh-map-0">
          <float_array id="wallpaper_image_002-mesh-map-0-array" count="48">1 0.5 0.5 1 0.5 0.5 0.5 0.5 0 1 0 0.5 0.5 0 0 0.5 0 0 1 0 0.5 0.5 0.5 0 1 0.5 1 1 0.5 1 0.5 0.5 0.5 1 0 1 0.5 0 0.5 0.5 0 0.5 1 0 1 0.5 0.5 0.5</float_array>
          <technique_common>
            <accessor source="#wallpaper_image_002-mesh-map-0-array" count="24" stride="2">
              <param name="S" type="float"/>
              <param name="T" type="float"/>
            </accessor>
          </technique_common>
        </source>
        <vertices id="wallpaper_image_002-mesh-vertices">
          <input semantic="POSITION" source="#wallpaper_image_002-mesh-positions"/>
        </vertices>
        <triangles material="wallpaper_image-material" count="8">
          <input semantic="VERTEX" source="#wallpaper_image_002-mesh-vertices" offset="0"/>
          <input semantic="NORMAL" source="#wallpaper_image_002-mesh-normals" offset="1"/>
          <input semantic="TEXCOORD" source="#wallpaper_image_002-mesh-map-0" offset="2" set="1"/>
          <p>6 0 0 7 0 1 8 0 2 8 0 3 2 0 4 4 0 5 5 0 6 4 0 7 0 0 8 1 0 9 8 0 10 5 0 11 6 0 12 3 0 13 7 0 14 8 0 15 7 0 16 2 0 17 5 0 18 8 0 19 4 0 20 1 0 21 6 0 22 8 0 23</p>
        </triangles>
      </mesh>
    </geometry>
    <geometry id="wallpaper_image_001-mesh" name="wallpaper_image.001">
      <mesh>
        <source id="wallpaper_image_001-mesh-positions">
          <float_array id="wallpaper_image_001-mesh-positions-array" count="27">0 -1 0 1.333333 -1 0 0 0 0 1.333333 0 0 0 -0.5 0 0.6666666 -1 0 1.333333 -0.5 0 0.6666666 0 0 0.6666666 -0.5 0</float_array>
          <technique_common>
            <accessor source="#wallpaper_image_001-mesh-positions-array" count="9" stride="3">
              <param name="X" type="float"/>
              <param name="Y" type="float"/>
              <param name="Z" type="float"/>
            </accessor>
          </technique_common>
        </source>
        <source id="wallpaper_image_001-mesh-normals">
          <float_array id="wallpaper_image_001-mesh-normals-array" count="3">0 0 1</float_array>
          <technique_common>
            <accessor source="#wallpaper_image_001-mesh-normals-array" count="1" stride="3">
              <param name="X" type="float"/>
              <param name="Y" type="float"/>
              <param name="Z" type="float"/>
            </accessor>
          </technique_common>
        </source>
        <source id="wallpaper_image_001-mesh-map-0">
          <float_array id="wallpaper_image_001-mesh-map-0-array" count="48">1 0.5 0.5 1 0.5 0.5 0.5 0.5 0 1 0 0.5 0.5 0 0 0.5 0 0 1 0 0.5 0.5 0.5 0 1 0.5 1 1 0.5 1 0.5 0.5 0.5 1 0 1 0.5 0 0.5 0.5 0 0.5 1 0 1 0.5 0.5 0.5</float_array>
          <technique_common>
            <accessor source="#wallpaper_image_001-mesh-map-0-array" count="24" stride="2">
              <param name="S" type="float"/>
              <param name="T" type="float"/>
            </accessor>
          </technique_common>
        </source>
        <vertices id="wallpaper_image_001-mesh-vertices">
          <input semantic="POSITION" source="#wallpaper_image_001-mesh-positions"/>
        </vertices>
        <triangles material="wallpaper_image-material" count="8">
          <input semantic="VERTEX" source="#wallpaper_image_001-mesh-vertices" offset="0"/>
          <input semantic="NORMAL" source="#wallpaper_image_001-mesh-normals" offset="1"/>
          <input semantic="TEXCOORD" source="#wallpaper_image_001-mesh-map-0" offset="2" set="1"/>
          <p>6 0 0 7 0 1 8 0 2 8 0 3 2 0 4 4 0 5 5 0 6 4 0 7 0 0 8 1 0 9 8 0 10 5 0 11 6 0 12 3 0 13 7 0 14 8 0 15 7 0 16 2 0 17 5 0 18 8 0 19 4 0 20 1 0 21 6 0 22 8 0 23</p>
        </triangles>
      </mesh>
    </geometry>
    <geometry id="Plane-mesh" name="Plane">
      <mesh>
        <source id="Plane-mesh-positions">
          <float_array id="Plane-mesh-positions-array" count="12">-7 -7 0 7 -7 0 -7 7 0 7 7 0</float_array>
          <technique_common>
            <accessor source="#Plane-mesh-positions-array" count="4" stride="3">
              <param name="X" type="float"/>
              <param name="Y" type="float"/>
              <param name="Z" type="float"/>
            </accessor>
          </technique_common>
        </source>
        <source id="Plane-mesh-normals">
          <float_array id="Plane-mesh-normals-array" count="3">0 0 1</float_array>
          <technique_common>
            <accessor source="#Plane-mesh-normals-array" count="1" stride="3">
              <param name="X" type="float"/>
              <param name="Y" type="float"/>
              <param name="Z" type="float"/>
            </accessor>
          </technique_common>
        </source>
        <source id="Plane-mesh-map-0">
          <float_array id="Plane-mesh-map-0-array" count="12">1 0 0 1 0 0 1 0 1 1 0 1</float_array>
          <technique_common>
            <accessor source="#Plane-mesh-map-0-array" count="6" stride="2">
              <param name="S" type="float"/>
              <param name="T" type="float"/>
            </accessor>
          </technique_common>
        </source>
        <vertices id="Plane-mesh-vertices">
          <input semantic="POSITION" source="#Plane-mesh-positions"/>
        </vertices>
        <triangles material="Carpete-material" count="2">
          <input semantic="VERTEX" source="#Plane-mesh-vertices" offset="0"/>
          <input semantic="NORMAL" source="#Plane-mesh-normals" offset="1"/>
          <input semantic="TEXCOORD" source="#Plane-mesh-map-0" offset="2" set="1"/>
          <p>1 0 0 2 0 1 0 0 2 1 0 3 3 0 4 2 0 5</p>
        </triangles>
      </mesh>
    </geometry>
  </library_geometries>
  <library_visual_scenes>
    <visual_scene id="Scene" name="Scene">
      <node id="Cube_002" name="Cube.002" type="NODE">
        <matrix sid="transform">0.7924297 -0.3294913 0 2.893063 0.4266794 0.6119317 0 0.05595928 0 0 0.33 0.07520913 0 0 0 1</matrix>
        <instance_geometry url="#Cube_017-mesh" name="Cube.002">
          <bind_material>
            <technique_common>
              <instance_material symbol="marrom-material" target="#marrom-material">
                <bind_vertex_input semantic="UVMap" input_semantic="TEXCOORD" input_set="0"/>
              </instance_material>
            </technique_common>
          </bind_material>
        </instance_geometry>
      </node>
      <node id="Cube_001" name="Cube.001" type="NODE">
        <matrix sid="transform">0.815677 0.2937197 0 2.217158 -0.3803564 0.6298839 0 -0.5313096 0 0 0.33 0.07520913 0 0 0 1</matrix>
        <instance_geometry url="#Cube_016-mesh" name="Cube.001">
          <bind_material>
            <technique_common>
              <instance_material symbol="marrom-material" target="#marrom-material">
                <bind_vertex_input semantic="UVMap" input_semantic="TEXCOORD" input_set="0"/>
              </instance_material>
            </technique_common>
          </bind_material>
        </instance_geometry>
      </node>
      <node id="Cube" name="Cube" type="NODE">
        <matrix sid="transform">-0.4141798 0.6170317 0 1.598271 -0.7990339 -0.3198388 0 0.3544906 0 0 0.33 0.07520913 0 0 0 1</matrix>
        <instance_geometry url="#Cube_015-mesh" name="Cube">
          <bind_material>
            <technique_common>
              <instance_material symbol="marrom-material" target="#marrom-material">
                <bind_vertex_input semantic="UVMap" input_semantic="TEXCOORD" input_set="0"/>
              </instance_material>
            </technique_common>
          </bind_material>
        </instance_geometry>
      </node>
      <node id="canos" name="canos" type="NODE">
        <matrix sid="transform">-4.37114e-8 1 0 -0.75 -1 -4.37114e-8 0 0 0 0 1 1 0 0 0 1</matrix>
        <instance_geometry url="#Cube_014-mesh" name="canos">
          <bind_material>
            <technique_common>
              <instance_material symbol="red-material" target="#red-material">
                <bind_vertex_input semantic="UVMap" input_semantic="TEXCOORD" input_set="0"/>
              </instance_material>
            </technique_common>
          </bind_material>
        </instance_geometry>
      </node>
      <node id="barra_vermelha_002" name="barra vermelha.002" type="NODE">
        <matrix sid="transform">7.54979e-8 0.9999999 5.29007e-4 -3.5 0 5.29007e-4 -0.9999999 0 -1 7.54979e-8 3.99389e-11 0.8 0 0 0 1</matrix>
        <instance_geometry url="#Cube_009-mesh" name="barra vermelha.002">
          <bind_material>
            <technique_common>
              <instance_material symbol="blue-material" target="#blue-material">
                <bind_vertex_input semantic="UVMap" input_semantic="TEXCOORD" input_set="0"/>
              </instance_material>
            </technique_common>
          </bind_material>
        </instance_geometry>
      </node>
      <node id="barras_002" name="barras.002" type="NODE">
        <matrix sid="transform">5.29007e-4 0.9999999 0 -2.5 -0.9999999 5.29007e-4 0 0 0 0 1 1 0 0 0 1</matrix>
        <instance_geometry url="#Cube_008-mesh" name="barras.002">
          <bind_material>
            <technique_common>
              <instance_material symbol="marrom-material" target="#marrom-material">
                <bind_vertex_input semantic="UVMap" input_semantic="TEXCOORD" input_set="0"/>
              </instance_material>
            </technique_common>
          </bind_material>
        </instance_geometry>
      </node>
      <node id="barra_vermelha_001" name="barra vermelha.001" type="NODE">
        <matrix sid="transform">7.54979e-8 0.9999999 5.29007e-4 -2.5 0 5.29007e-4 -0.9999999 0 -1 7.54979e-8 3.99389e-11 0.8 0 0 0 1</matrix>
        <instance_geometry url="#Cube_007-mesh" name="barra vermelha.001">
          <bind_material>
            <technique_common>
              <instance_material symbol="blue-material" target="#blue-material">
                <bind_vertex_input semantic="UVMap" input_semantic="TEXCOORD" input_set="0"/>
              </instance_material>
            </technique_common>
          </bind_material>
        </instance_geometry>
      </node>
      <node id="barras_001" name="barras.001" type="NODE">
        <matrix sid="transform">5.29007e-4 0.9999999 0 -3.5 -0.9999999 5.29007e-4 0 0 0 0 1 1 0 0 0 1</matrix>
        <instance_geometry url="#Cube_006-mesh" name="barras.001">
          <bind_material>
            <technique_common>
              <instance_material symbol="marrom-material" target="#marrom-material">
                <bind_vertex_input semantic="UVMap" input_semantic="TEXCOORD" input_set="0"/>
              </instance_material>
            </technique_common>
          </bind_material>
        </instance_geometry>
      </node>
      <node id="barra_vermelha" name="barra vermelha" type="NODE">
        <matrix sid="transform">7.54979e-8 0.9999999 5.29007e-4 -4.5 0 5.29007e-4 -0.9999999 0 -1 7.54979e-8 3.99389e-11 1.95 0 0 0 1</matrix>
        <instance_geometry url="#Cube_005-mesh" name="barra vermelha">
          <bind_material>
            <technique_common>
              <instance_material symbol="red-material" target="#red-material">
                <bind_vertex_input semantic="UVMap" input_semantic="TEXCOORD" input_set="0"/>
              </instance_material>
            </technique_common>
          </bind_material>
        </instance_geometry>
      </node>
      <node id="janelas_001" name="janelas.001" type="NODE">
        <matrix sid="transform">-3.27835e-8 -1.31134e-8 -1 0.25 -0.75 5.73206e-16 4.37114e-8 0 0 0.3 -4.37114e-8 1.2 0 0 0 1</matrix>
        <instance_geometry url="#Plane_007-mesh" name="janelas.001">
          <bind_material>
            <technique_common>
              <instance_material symbol="kraft-material" target="#kraft-material">
                <bind_vertex_input semantic="UVMap" input_semantic="TEXCOORD" input_set="0"/>
              </instance_material>
              <instance_material symbol="marrom-material" target="#marrom-material">
                <bind_vertex_input semantic="UVMap" input_semantic="TEXCOORD" input_set="0"/>
              </instance_material>
              <instance_material symbol="red-material" target="#red-material">
                <bind_vertex_input semantic="UVMap" input_semantic="TEXCOORD" input_set="0"/>
              </instance_material>
              <instance_material symbol="blue-material" target="#blue-material">
                <bind_vertex_input semantic="UVMap" input_semantic="TEXCOORD" input_set="0"/>
              </instance_material>
            </technique_common>
          </bind_material>
        </instance_geometry>
      </node>
      <node id="barras" name="barras" type="NODE">
        <matrix sid="transform">5.29007e-4 0.9999999 0 -4.5 -0.9999999 5.29007e-4 0 0 0 0 1 1 0 0 0 1</matrix>
        <instance_geometry url="#Cube_003-mesh" name="barras">
          <bind_material>
            <technique_common>
              <instance_material symbol="marrom-material" target="#marrom-material">
                <bind_vertex_input semantic="UVMap" input_semantic="TEXCOORD" input_set="0"/>
              </instance_material>
            </technique_common>
          </bind_material>
        </instance_geometry>
      </node>
      <node id="janelas" name="janelas" type="NODE">
        <matrix sid="transform">-3.27835e-8 -1.31134e-8 -1 -5.5 -0.75 5.73206e-16 4.37114e-8 0 0 0.3 -4.37114e-8 1.2 0 0 0 1</matrix>
        <instance_geometry url="#Plane_004-mesh" name="janelas">
          <bind_material>
            <technique_common>
              <instance_material symbol="kraft-material" target="#kraft-material">
                <bind_vertex_input semantic="UVMap" input_semantic="TEXCOORD" input_set="0"/>
              </instance_material>
              <instance_material symbol="marrom-material" target="#marrom-material">
                <bind_vertex_input semantic="UVMap" input_semantic="TEXCOORD" input_set="0"/>
              </instance_material>
              <instance_material symbol="red-material" target="#red-material">
                <bind_vertex_input semantic="UVMap" input_semantic="TEXCOORD" input_set="0"/>
              </instance_material>
              <instance_material symbol="blue-material" target="#blue-material">
                <bind_vertex_input semantic="UVMap" input_semantic="TEXCOORD" input_set="0"/>
              </instance_material>
            </technique_common>
          </bind_material>
        </instance_geometry>
      </node>
      <node id="caixa" name="caixa" type="NODE">
        <matrix sid="transform">1 0 0 5.75 0 1 0 2.25 0 0 1 1.25 0 0 0 1</matrix>
        <instance_geometry url="#Cube_001-mesh" name="caixa">
          <bind_material>
            <technique_common>
              <instance_material symbol="kraft-material" target="#kraft-material">
                <bind_vertex_input semantic="UVMap" input_semantic="TEXCOORD" input_set="0"/>
              </instance_material>
              <instance_material symbol="blue-material" target="#blue-material">
                <bind_vertex_input semantic="UVMap" input_semantic="TEXCOORD" input_set="0"/>
              </instance_material>
              <instance_material symbol="red-material" target="#red-material">
                <bind_vertex_input semantic="UVMap" input_semantic="TEXCOORD" input_set="0"/>
              </instance_material>
            </technique_common>
          </bind_material>
        </instance_geometry>
      </node>
      <node id="wallpaper_right" name="wallpaper_right" type="NODE">
        <matrix sid="transform">1.96701e-8 -10 3.82137e-15 -6.99 -0.45 -4.37114e-7 -8.74228e-8 -1.99 3.93403e-8 0 -1 0.001 0 0 0 1</matrix>
        <instance_geometry url="#wallpaper_image_004-mesh" name="wallpaper_right">
          <bind_material>
            <technique_common>
              <instance_material symbol="wallpaper_image-material" target="#wallpaper_image-material">
                <bind_vertex_input semantic="UVMap" input_semantic="TEXCOORD" input_set="0"/>
              </instance_material>
            </technique_common>
          </bind_material>
        </instance_geometry>
      </node>
      <node id="wallpaper_left" name="wallpaper_left" type="NODE">
        <matrix sid="transform">-1.96701e-8 -10 0 -7 0.45 -4.37114e-7 0 2 0 0 1 0.001 0 0 0 1</matrix>
        <instance_geometry url="#wallpaper_image_003-mesh" name="wallpaper_left">
          <bind_material>
            <technique_common>
              <instance_material symbol="wallpaper_image-material" target="#wallpaper_image-material">
                <bind_vertex_input semantic="UVMap" input_semantic="TEXCOORD" input_set="0"/>
              </instance_material>
            </technique_common>
          </bind_material>
        </instance_geometry>
      </node>
      <node id="wallpaper_center_right" name="wallpaper_center_right" type="NODE">
        <matrix sid="transform">1.96701e-8 -10 3.82137e-15 -7 -0.45 -4.37114e-7 -8.74228e-8 0 3.93403e-8 0 -1 0.001 0 0 0 1</matrix>
        <instance_geometry url="#wallpaper_image_002-mesh" name="wallpaper_center_right">
          <bind_material>
            <technique_common>
              <instance_material symbol="wallpaper_image-material" target="#wallpaper_image-material">
                <bind_vertex_input semantic="UVMap" input_semantic="TEXCOORD" input_set="0"/>
              </instance_material>
            </technique_common>
          </bind_material>
        </instance_geometry>
      </node>
      <node id="wallpaper_center_left" name="wallpaper_center_left" type="NODE">
        <matrix sid="transform">-1.96701e-8 -10 0 -7 0.45 -4.37114e-7 0 0 0 0 1 0.001 0 0 0 1</matrix>
        <instance_geometry url="#wallpaper_image_001-mesh" name="wallpaper_center_left">
          <bind_material>
            <technique_common>
              <instance_material symbol="wallpaper_image-material" target="#wallpaper_image-material">
                <bind_vertex_input semantic="UVMap" input_semantic="TEXCOORD" input_set="0"/>
              </instance_material>
            </technique_common>
          </bind_material>
        </instance_geometry>
      </node>
      <node id="carpete" name="carpete" type="NODE">
        <matrix sid="transform">1 0 0 0 0 0.5 0 0 0 0 1 0 0 0 0 1</matrix>
        <instance_geometry url="#Plane-mesh" name="carpete">
          <bind_material>
            <technique_common>
              <instance_material symbol="Carpete-material" target="#Carpete-material">
                <bind_vertex_input semantic="UVMap" input_semantic="TEXCOORD" input_set="0"/>
              </instance_material>
            </technique_common>
          </bind_material>
        </instance_geometry>
      </node>
    </visual_scene>
  </library_visual_scenes>
  <scene>
    <instance_visual_scene url="#Scene"/>
  </scene>
</COLLADA>